,user_id,loc_id,repeated,rank
0,3,1138,0.0,328.0
1,3,1851,0.0,4330.0
2,3,1875,0.0,1146.0
3,3,1907,0.0,3898.0
4,3,2021,0.0,11.0
5,3,2109,0.0,2904.0
6,21,690,1.0,1.0
7,21,690,1.0,1.0
8,21,690,1.0,1.0
9,21,690,1.0,1.0
10,21,690,1.0,1.0
11,21,690,1.0,1.0
12,21,690,1.0,1.0
13,21,690,1.0,1.0
14,21,690,1.0,1.0
15,21,690,1.0,1.0
16,21,690,1.0,1.0
17,21,690,1.0,1.0
18,21,690,1.0,1.0
19,21,690,1.0,1.0
20,21,690,1.0,1.0
21,21,690,1.0,1.0
22,21,690,1.0,1.0
23,21,695,1.0,6.0
24,21,695,1.0,6.0
25,21,697,1.0,2.0
26,21,697,1.0,2.0
27,21,697,1.0,2.0
28,21,697,1.0,2.0
29,21,697,1.0,2.0
30,21,699,1.0,22.0
31,21,708,1.0,8.0
32,21,708,1.0,8.0
33,21,728,0.0,737.0
34,21,728,0.0,737.0
35,21,832,0.0,49.0
36,21,852,0.0,5084.0
37,21,862,0.0,71.0
38,21,3615,0.0,1030.0
39,21,6033,1.0,21.0
40,31,25,0.0,50.0
41,31,37,0.0,846.0
42,31,71,0.0,848.0
43,31,133,0.0,839.0
44,31,549,0.0,3540.0
45,31,712,0.0,1601.0
46,31,728,1.0,9.0
47,31,732,1.0,2.0
48,31,732,1.0,2.0
49,31,732,1.0,2.0
50,31,734,1.0,110.0
51,31,758,1.0,96.0
52,31,775,1.0,24.0
53,31,800,1.0,149.0
54,31,803,1.0,137.0
55,31,876,0.0,162.0
56,31,1121,0.0,250.0
57,31,1153,0.0,200.0
58,31,1181,0.0,426.0
59,31,1306,0.0,1178.0
60,31,1436,0.0,363.0
61,31,1842,0.0,4616.0
62,31,2421,0.0,1780.0
63,31,2751,0.0,2837.0
64,31,2779,0.0,5035.0
65,31,2780,0.0,3673.0
66,31,2831,0.0,1942.0
67,31,2911,0.0,2460.0
68,31,3526,0.0,2048.0
69,31,4626,0.0,310.0
70,31,4668,0.0,2023.0
71,31,5135,0.0,1271.0
72,31,5182,0.0,6310.0
73,31,6334,0.0,6365.0
74,33,95,1.0,12.0
75,33,95,1.0,12.0
76,33,107,0.0,1367.0
77,33,709,1.0,10.0
78,33,710,1.0,2.0
79,33,710,1.0,2.0
80,33,710,1.0,2.0
81,33,710,1.0,2.0
82,33,710,1.0,2.0
83,33,710,1.0,2.0
84,33,710,1.0,2.0
85,33,710,1.0,2.0
86,33,710,1.0,2.0
87,33,710,1.0,2.0
88,33,710,1.0,2.0
89,33,737,1.0,51.0
90,33,745,0.0,2244.0
91,33,834,1.0,8.0
92,33,834,1.0,8.0
93,33,834,1.0,8.0
94,33,834,1.0,8.0
95,33,834,1.0,8.0
96,33,834,1.0,8.0
97,33,834,1.0,8.0
98,33,834,1.0,8.0
99,33,835,1.0,9.0
100,33,835,1.0,9.0
101,33,879,1.0,11.0
102,33,879,1.0,11.0
103,33,879,1.0,11.0
104,33,881,1.0,4.0
105,33,883,1.0,19.0
106,33,884,1.0,31.0
107,33,898,1.0,355.0
108,33,902,1.0,14.0
109,33,906,1.0,21.0
110,33,915,1.0,96.0
111,33,998,1.0,78.0
112,33,1023,1.0,368.0
113,33,1064,1.0,159.0
114,33,1104,1.0,24.0
115,33,1797,1.0,364.0
116,33,1797,1.0,364.0
117,33,2247,0.0,935.0
118,33,2631,0.0,1408.0
119,33,2755,1.0,117.0
120,33,4918,0.0,3323.0
121,33,6042,1.0,92.0
122,33,6042,1.0,92.0
123,36,1121,0.0,402.0
124,36,1266,0.0,650.0
125,36,1313,1.0,6.0
126,36,1661,0.0,1442.0
127,36,2263,0.0,151.0
128,36,2734,0.0,827.0
129,36,3762,0.0,1377.0
130,36,3837,0.0,5698.0
131,36,5014,1.0,11.0
132,36,6668,0.0,6115.0
133,40,113,1.0,965.0
134,40,1147,1.0,48.0
135,40,1158,1.0,2.0
136,40,1158,1.0,2.0
137,40,1167,1.0,150.0
138,40,1330,1.0,72.0
139,40,1330,1.0,72.0
140,40,1366,1.0,435.0
141,40,1468,1.0,993.0
142,40,1473,1.0,885.0
143,40,2097,0.0,2549.0
144,40,3514,0.0,2832.0
145,40,5331,0.0,5591.0
146,40,5786,0.0,2333.0
147,40,6044,1.0,1824.0
148,40,6044,1.0,1824.0
149,42,870,1.0,2.0
150,42,870,1.0,2.0
151,42,900,1.0,1.0
152,42,900,1.0,1.0
153,42,952,1.0,7.0
154,42,952,1.0,7.0
155,42,2219,0.0,94.0
156,42,2219,0.0,94.0
157,42,5139,1.0,21.0
158,42,6297,0.0,4689.0
159,42,6297,0.0,4689.0
160,42,6365,0.0,6057.0
161,43,1407,1.0,23.0
162,43,3524,0.0,953.0
163,46,25,1.0,2.0
164,46,50,0.0,581.0
165,46,659,0.0,47.0
166,46,726,1.0,4.0
167,46,917,0.0,1709.0
168,46,1054,1.0,3.0
169,46,1787,1.0,1.0
170,46,1787,1.0,1.0
171,46,1787,1.0,1.0
172,46,1787,1.0,1.0
173,46,1787,1.0,1.0
174,46,1787,1.0,1.0
175,46,1787,1.0,1.0
176,46,1787,1.0,1.0
177,46,3171,0.0,2891.0
178,46,4216,0.0,372.0
179,46,4867,0.0,6316.0
180,46,5484,0.0,5280.0
181,46,6046,1.0,29.0
182,46,6047,1.0,27.0
183,46,6047,1.0,27.0
184,46,6310,0.0,752.0
185,47,390,1.0,50.0
186,47,3053,0.0,2096.0
187,62,27,0.0,78.0
188,62,218,0.0,182.0
189,62,1221,0.0,5235.0
190,62,4709,0.0,4228.0
191,62,5290,0.0,6417.0
192,63,1887,1.0,11.0
193,64,3313,0.0,448.0
194,64,5067,0.0,5194.0
195,66,32,0.0,1225.0
196,66,42,1.0,41.0
197,66,141,0.0,3261.0
198,66,726,1.0,1.0
199,66,726,1.0,1.0
200,66,726,1.0,1.0
201,66,726,1.0,1.0
202,66,727,1.0,15.0
203,66,867,1.0,3.0
204,66,867,1.0,3.0
205,66,1118,0.0,721.0
206,66,1141,0.0,414.0
207,66,1141,0.0,414.0
208,66,1340,1.0,6.0
209,66,1340,1.0,6.0
210,66,1347,1.0,13.0
211,66,1748,0.0,3203.0
212,66,1992,1.0,147.0
213,66,2025,1.0,221.0
214,66,2573,0.0,424.0
215,66,2878,0.0,1494.0
216,66,3091,0.0,5391.0
217,66,3574,0.0,2386.0
218,66,3580,0.0,1765.0
219,66,3859,0.0,1832.0
220,66,4041,0.0,4561.0
221,66,5301,0.0,1910.0
222,66,5412,0.0,2305.0
223,66,5707,0.0,3869.0
224,66,6619,0.0,5067.0
225,71,36,0.0,680.0
226,71,246,1.0,16.0
227,71,872,1.0,7.0
228,71,872,1.0,7.0
229,71,900,1.0,5.0
230,71,900,1.0,5.0
231,71,916,0.0,5096.0
232,71,2194,1.0,6.0
233,71,2194,1.0,6.0
234,71,2194,1.0,6.0
235,71,2194,1.0,6.0
236,71,2200,1.0,1.0
237,71,2200,1.0,1.0
238,71,2200,1.0,1.0
239,71,2200,1.0,1.0
240,71,3640,1.0,38.0
241,71,6108,0.0,3660.0
242,74,25,1.0,1.0
243,74,1551,0.0,5051.0
244,74,1551,0.0,5051.0
245,74,2036,0.0,1142.0
246,74,5613,0.0,2426.0
247,76,67,0.0,3448.0
248,76,141,1.0,1.0
249,76,719,1.0,21.0
250,76,1202,0.0,1680.0
251,76,2121,0.0,3594.0
252,76,2574,1.0,46.0
253,76,2574,1.0,46.0
254,76,2574,1.0,46.0
255,76,2574,1.0,46.0
256,76,2574,1.0,46.0
257,76,3146,0.0,1628.0
258,76,4445,0.0,6472.0
259,76,4487,0.0,5083.0
260,76,4557,0.0,3632.0
261,76,4883,0.0,1966.0
262,76,6055,1.0,65.0
263,76,6073,0.0,3116.0
264,76,6073,0.0,3116.0
265,76,6576,0.0,6028.0
266,77,723,0.0,37.0
267,77,727,0.0,14.0
268,77,1745,0.0,5445.0
269,77,2234,0.0,2113.0
270,77,2533,0.0,998.0
271,79,16,1.0,4.0
272,79,16,1.0,4.0
273,79,136,1.0,3.0
274,79,136,1.0,3.0
275,79,374,0.0,3437.0
276,79,857,0.0,216.0
277,79,1016,0.0,332.0
278,79,1434,1.0,162.0
279,79,1478,1.0,13.0
280,79,2297,1.0,67.0
281,79,2300,1.0,66.0
282,79,2301,1.0,1.0
283,79,2306,1.0,42.0
284,79,2358,1.0,57.0
285,79,2360,1.0,14.0
286,79,2362,1.0,166.0
287,79,2386,0.0,730.0
288,79,2624,0.0,1590.0
289,79,2678,0.0,3526.0
290,79,2924,0.0,2449.0
291,79,4047,0.0,855.0
292,79,4658,0.0,2523.0
293,79,4996,0.0,5517.0
294,80,16,0.0,55.0
295,80,33,1.0,1.0
296,80,33,1.0,1.0
297,80,157,0.0,2628.0
298,80,1060,0.0,2622.0
299,80,2363,1.0,2.0
300,80,2579,0.0,2035.0
301,83,17,0.0,90.0
302,83,719,0.0,76.0
303,83,1906,1.0,39.0
304,83,2378,1.0,2.0
305,83,2378,1.0,2.0
306,83,2999,0.0,79.0
307,83,4185,0.0,6070.0
308,83,4327,0.0,2817.0
309,83,4671,0.0,2412.0
310,83,4943,0.0,3498.0
311,83,5896,0.0,414.0
312,83,6067,1.0,11.0
313,83,6312,0.0,2012.0
314,83,6460,0.0,5070.0
315,84,214,1.0,17.0
316,84,280,0.0,1993.0
317,84,553,0.0,1688.0
318,84,641,0.0,62.0
319,84,727,0.0,63.0
320,84,855,1.0,22.0
321,84,1313,1.0,1.0
322,84,1387,0.0,2737.0
323,84,1636,0.0,676.0
324,84,1817,0.0,108.0
325,84,2021,0.0,58.0
326,84,2410,1.0,9.0
327,84,2410,1.0,9.0
328,84,2410,1.0,9.0
329,84,2419,1.0,49.0
330,84,2419,1.0,49.0
331,84,4240,0.0,1343.0
332,84,4399,0.0,2129.0
333,84,4400,0.0,2138.0
334,84,4449,0.0,1135.0
335,84,6047,0.0,2647.0
336,89,42,1.0,17.0
337,89,48,1.0,63.0
338,89,217,0.0,1350.0
339,89,263,0.0,1580.0
340,89,551,0.0,285.0
341,89,659,0.0,189.0
342,89,862,0.0,194.0
343,89,1536,0.0,799.0
344,89,2433,1.0,70.0
345,89,2439,1.0,68.0
346,89,2441,1.0,4.0
347,89,2445,1.0,3.0
348,89,2445,1.0,3.0
349,89,2447,1.0,5.0
350,89,2447,1.0,5.0
351,89,2449,1.0,8.0
352,89,2449,1.0,8.0
353,89,2449,1.0,8.0
354,89,2484,1.0,16.0
355,89,2484,1.0,16.0
356,89,2493,1.0,2.0
357,89,2493,1.0,2.0
358,89,2493,1.0,2.0
359,89,2640,0.0,5243.0
360,89,2749,0.0,4842.0
361,89,2769,0.0,3636.0
362,89,2999,0.0,1677.0
363,89,3146,0.0,692.0
364,89,4576,0.0,3562.0
365,89,4730,0.0,1857.0
366,89,4896,0.0,2051.0
367,89,5361,0.0,2679.0
368,89,6165,0.0,3699.0
369,89,6165,0.0,3699.0
370,91,18,1.0,22.0
371,91,21,0.0,113.0
372,91,445,1.0,31.0
373,91,724,0.0,212.0
374,91,752,1.0,23.0
375,91,752,1.0,23.0
376,91,769,0.0,391.0
377,91,769,0.0,391.0
378,91,903,0.0,1067.0
379,91,1087,0.0,286.0
380,91,1154,0.0,6250.0
381,91,1722,1.0,5.0
382,91,1726,0.0,4712.0
383,91,1726,0.0,4712.0
384,91,1726,0.0,4712.0
385,91,1726,0.0,4712.0
386,91,1726,0.0,4712.0
387,91,1727,0.0,915.0
388,91,1991,0.0,713.0
389,91,2084,1.0,2.0
390,91,2525,1.0,1.0
391,91,2525,1.0,1.0
392,91,2525,1.0,1.0
393,91,2525,1.0,1.0
394,91,2525,1.0,1.0
395,91,2525,1.0,1.0
396,91,2525,1.0,1.0
397,91,2525,1.0,1.0
398,91,2525,1.0,1.0
399,91,2525,1.0,1.0
400,91,2525,1.0,1.0
401,91,2525,1.0,1.0
402,91,2525,1.0,1.0
403,91,2525,1.0,1.0
404,91,2525,1.0,1.0
405,91,2525,1.0,1.0
406,91,2525,1.0,1.0
407,91,2525,1.0,1.0
408,91,2525,1.0,1.0
409,91,2525,1.0,1.0
410,91,2525,1.0,1.0
411,91,2525,1.0,1.0
412,91,2525,1.0,1.0
413,91,2525,1.0,1.0
414,91,2525,1.0,1.0
415,91,2525,1.0,1.0
416,91,2525,1.0,1.0
417,91,2525,1.0,1.0
418,91,2525,1.0,1.0
419,91,2525,1.0,1.0
420,91,2525,1.0,1.0
421,91,2525,1.0,1.0
422,91,2525,1.0,1.0
423,91,2525,1.0,1.0
424,91,2525,1.0,1.0
425,91,2525,1.0,1.0
426,91,2525,1.0,1.0
427,91,2525,1.0,1.0
428,91,2720,0.0,2972.0
429,91,3590,0.0,4148.0
430,91,3650,0.0,3272.0
431,91,4394,0.0,589.0
432,91,4930,0.0,2636.0
433,91,4991,0.0,2479.0
434,91,5819,0.0,4284.0
435,91,6193,0.0,4576.0
436,91,6259,0.0,5991.0
437,91,6259,0.0,5991.0
438,91,6259,0.0,5991.0
439,91,6259,0.0,5991.0
440,113,141,1.0,1.0
441,113,141,1.0,1.0
442,113,141,1.0,1.0
443,113,141,1.0,1.0
444,113,141,1.0,1.0
445,113,141,1.0,1.0
446,113,141,1.0,1.0
447,113,340,1.0,2.0
448,113,340,1.0,2.0
449,113,343,1.0,11.0
450,113,1202,0.0,1677.0
451,113,1500,0.0,654.0
452,113,1985,0.0,2796.0
453,113,2423,0.0,232.0
454,113,2574,1.0,3.0
455,113,2574,1.0,3.0
456,113,2574,1.0,3.0
457,113,2574,1.0,3.0
458,113,2574,1.0,3.0
459,113,2574,1.0,3.0
460,113,2574,1.0,3.0
461,113,2574,1.0,3.0
462,113,2574,1.0,3.0
463,113,2574,1.0,3.0
464,113,2574,1.0,3.0
465,113,2574,1.0,3.0
466,113,2574,1.0,3.0
467,113,2574,1.0,3.0
468,113,2574,1.0,3.0
469,113,2574,1.0,3.0
470,113,2574,1.0,3.0
471,113,2574,1.0,3.0
472,113,2574,1.0,3.0
473,113,2574,1.0,3.0
474,113,2574,1.0,3.0
475,113,2574,1.0,3.0
476,113,2656,0.0,796.0
477,113,3994,0.0,3977.0
478,113,4445,0.0,6472.0
479,113,5281,0.0,5579.0
480,113,6073,1.0,43.0
481,113,6073,1.0,43.0
482,113,6382,0.0,4112.0
483,113,6382,0.0,4112.0
484,114,2221,1.0,2.0
485,114,2594,1.0,1.0
486,127,659,1.0,3.0
487,127,709,1.0,2.0
488,127,2681,1.0,1.0
489,127,2681,1.0,1.0
490,127,2681,1.0,1.0
491,127,2681,1.0,1.0
492,127,2681,1.0,1.0
493,127,2681,1.0,1.0
494,127,3640,0.0,36.0
495,128,21,0.0,73.0
496,128,6077,1.0,9.0
497,128,6139,0.0,5637.0
498,151,460,0.0,3708.0
499,151,641,1.0,1.0
500,151,661,0.0,56.0
501,151,856,0.0,75.0
502,151,876,0.0,97.0
503,151,1266,0.0,661.0
504,151,2784,1.0,46.0
505,151,4598,0.0,2078.0
506,151,6311,0.0,5053.0
507,151,6311,0.0,5053.0
508,156,16,0.0,56.0
509,156,17,0.0,83.0
510,156,25,1.0,4.0
511,156,80,0.0,293.0
512,156,660,0.0,194.0
513,156,709,0.0,30.0
514,156,720,0.0,99.0
515,156,721,0.0,25.0
516,156,822,0.0,192.0
517,156,826,0.0,206.0
518,156,835,1.0,21.0
519,156,985,0.0,349.0
520,156,1086,0.0,384.0
521,156,1276,0.0,845.0
522,156,1537,0.0,1674.0
523,156,1764,0.0,693.0
524,156,1978,0.0,5281.0
525,156,2024,1.0,172.0
526,156,2187,0.0,6550.0
527,156,2188,0.0,2068.0
528,156,2459,0.0,3625.0
529,156,2512,1.0,161.0
530,156,3819,0.0,4573.0
531,156,6114,0.0,5672.0
532,156,6357,0.0,4143.0
533,156,6467,0.0,4041.0
534,158,661,0.0,23.0
535,158,2522,0.0,129.0
536,158,2805,1.0,2.0
537,158,2855,1.0,3.0
538,158,3872,0.0,1510.0
539,158,6140,0.0,4754.0
540,159,2855,1.0,1.0
541,164,1302,1.0,29.0
542,171,17,0.0,94.0
543,171,42,0.0,61.0
544,171,141,0.0,3469.0
545,171,661,0.0,45.0
546,171,721,1.0,14.0
547,171,723,0.0,205.0
548,171,725,0.0,712.0
549,171,827,0.0,143.0
550,171,830,0.0,277.0
551,171,831,0.0,727.0
552,171,832,0.0,77.0
553,171,833,0.0,575.0
554,171,848,0.0,164.0
555,171,853,0.0,564.0
556,171,964,0.0,3925.0
557,171,1208,0.0,3643.0
558,171,1210,0.0,1632.0
559,171,1818,0.0,59.0
560,171,2021,0.0,52.0
561,171,2555,0.0,1696.0
562,171,2648,0.0,1846.0
563,171,2887,1.0,2.0
564,171,3494,0.0,2195.0
565,171,3994,0.0,1000.0
566,171,4444,0.0,2686.0
567,171,5154,0.0,4621.0
568,171,5419,0.0,4955.0
569,171,5731,0.0,3905.0
570,171,6447,0.0,6172.0
571,189,731,1.0,3.0
572,189,731,1.0,3.0
573,193,661,0.0,4.0
574,204,41,0.0,69.0
575,204,121,0.0,120.0
576,204,175,0.0,49.0
577,204,881,0.0,80.0
578,204,1162,0.0,434.0
579,204,1162,0.0,434.0
580,204,1839,1.0,1.0
581,204,1839,1.0,1.0
582,204,1839,1.0,1.0
583,204,1839,1.0,1.0
584,204,1839,1.0,1.0
585,204,1839,1.0,1.0
586,204,1839,1.0,1.0
587,204,1839,1.0,1.0
588,204,1839,1.0,1.0
589,204,1985,0.0,3505.0
590,204,2946,1.0,5.0
591,204,2946,1.0,5.0
592,204,2948,1.0,2.0
593,204,2948,1.0,2.0
594,204,2949,1.0,12.0
595,204,2956,1.0,34.0
596,204,2957,1.0,6.0
597,204,2957,1.0,6.0
598,204,2957,1.0,6.0
599,204,6047,0.0,2814.0
600,204,6093,1.0,8.0
601,204,6093,1.0,8.0
602,204,6094,1.0,18.0
603,218,16,1.0,4.0
604,218,16,1.0,4.0
605,218,719,0.0,54.0
606,218,1893,0.0,463.0
607,218,2021,0.0,37.0
608,218,3542,0.0,184.0
609,218,4713,0.0,3848.0
610,221,6045,0.0,476.0
611,231,1141,1.0,1.0
612,231,3996,0.0,2194.0
613,231,4036,0.0,5957.0
614,231,6173,0.0,4828.0
615,251,1992,0.0,94.0
616,251,5696,0.0,2054.0
617,261,6344,0.0,6332.0
618,262,1328,0.0,3792.0
619,265,3050,1.0,20.0
620,269,20,0.0,67.0
621,269,2519,0.0,773.0
622,269,3064,1.0,4.0
623,279,722,0.0,239.0
624,279,3723,0.0,802.0
625,279,3758,0.0,5294.0
626,280,647,1.0,7.0
627,280,848,1.0,32.0
628,280,2021,0.0,14.0
629,280,3884,0.0,3422.0
630,280,4361,0.0,4510.0
631,280,5282,0.0,5929.0
632,280,6373,0.0,5312.0
633,280,6599,0.0,6288.0
634,281,177,1.0,28.0
635,281,316,1.0,50.0
636,281,493,1.0,1.0
637,281,1173,0.0,269.0
638,281,3440,1.0,34.0
639,281,3443,1.0,115.0
640,281,3444,1.0,16.0
641,282,1393,0.0,653.0
642,282,1621,1.0,1.0
643,287,725,0.0,88.0
644,287,1072,1.0,60.0
645,287,2021,0.0,83.0
646,287,5881,0.0,3669.0
647,290,5114,0.0,6478.0
648,305,3537,1.0,1.0
649,311,726,1.0,1.0
650,311,726,1.0,1.0
651,311,1718,0.0,5544.0
652,311,3550,1.0,13.0
653,311,4229,0.0,4351.0
654,311,4914,0.0,1662.0
655,323,406,0.0,810.0
656,323,661,0.0,48.0
657,323,1446,0.0,813.0
658,323,1672,0.0,78.0
659,323,2064,0.0,1550.0
660,323,2064,0.0,1550.0
661,323,2442,0.0,1011.0
662,323,3195,0.0,943.0
663,323,3195,0.0,943.0
664,323,3702,0.0,5004.0
665,323,5947,0.0,6049.0
666,323,5960,0.0,3177.0
667,323,6047,0.0,1882.0
668,328,4910,0.0,6180.0
669,343,5,1.0,1.0
670,343,5,1.0,1.0
671,343,3623,1.0,2.0
672,345,726,1.0,1.0
673,346,166,0.0,536.0
674,346,726,0.0,12.0
675,346,1653,0.0,3871.0
676,346,3103,0.0,439.0
677,346,3688,0.0,4934.0
678,346,6126,1.0,1.0
679,349,18,1.0,7.0
680,349,660,0.0,46.0
681,349,661,1.0,6.0
682,349,1131,1.0,19.0
683,349,2860,0.0,262.0
684,353,865,0.0,707.0
685,361,389,1.0,7.0
686,361,2748,1.0,19.0
687,361,3277,1.0,1.0
688,361,3277,1.0,1.0
689,361,3277,1.0,1.0
690,361,3277,1.0,1.0
691,361,3277,1.0,1.0
692,361,3277,1.0,1.0
693,361,3277,1.0,1.0
694,361,3277,1.0,1.0
695,361,3277,1.0,1.0
696,361,3277,1.0,1.0
697,361,3277,1.0,1.0
698,361,3277,1.0,1.0
699,361,3277,1.0,1.0
700,361,3277,1.0,1.0
701,361,3277,1.0,1.0
702,361,3277,1.0,1.0
703,361,3277,1.0,1.0
704,361,3277,1.0,1.0
705,361,3277,1.0,1.0
706,361,3277,1.0,1.0
707,367,2294,0.0,1858.0
708,367,3354,1.0,12.0
709,367,5613,1.0,46.0
710,369,640,1.0,7.0
711,369,1854,1.0,1.0
712,369,3620,1.0,2.0
713,369,3691,1.0,16.0
714,372,1186,1.0,1.0
715,372,2695,0.0,587.0
716,374,14,0.0,1059.0
717,374,2863,0.0,2759.0
718,374,3163,0.0,5668.0
719,374,3321,0.0,4117.0
720,374,3706,1.0,1.0
721,374,3711,1.0,26.0
722,374,5184,0.0,1367.0
723,374,6240,0.0,5620.0
724,374,6242,0.0,1365.0
725,374,6437,0.0,4458.0
726,377,291,0.0,1889.0
727,377,715,1.0,1.0
728,377,1713,0.0,2719.0
729,377,2212,0.0,5992.0
730,377,3730,1.0,14.0
731,377,4317,0.0,1053.0
732,377,5133,0.0,2789.0
733,377,6385,0.0,4071.0
734,378,640,1.0,8.0
735,383,28,1.0,8.0
736,383,28,1.0,8.0
737,383,28,1.0,8.0
738,383,44,0.0,1761.0
739,383,46,0.0,161.0
740,383,175,0.0,79.0
741,383,625,0.0,1504.0
742,383,654,1.0,69.0
743,383,732,0.0,204.0
744,383,824,1.0,14.0
745,383,862,1.0,20.0
746,383,1116,1.0,29.0
747,383,1451,0.0,2137.0
748,383,1451,0.0,2137.0
749,383,1495,1.0,28.0
750,383,1495,1.0,28.0
751,383,1941,1.0,110.0
752,383,2023,0.0,4892.0
753,383,2046,1.0,78.0
754,383,2130,0.0,644.0
755,383,2219,1.0,25.0
756,383,2814,0.0,2719.0
757,383,2876,1.0,134.0
758,383,3041,0.0,4786.0
759,383,3424,0.0,2701.0
760,383,3521,0.0,3786.0
761,383,3759,1.0,143.0
762,383,3759,1.0,143.0
763,383,3784,1.0,2.0
764,383,3784,1.0,2.0
765,383,3891,0.0,5506.0
766,383,4510,0.0,3459.0
767,383,4730,0.0,2003.0
768,383,4876,0.0,2075.0
769,383,6059,0.0,6234.0
770,383,6077,0.0,4800.0
771,383,6141,1.0,145.0
772,383,6327,0.0,1966.0
773,383,6379,0.0,3521.0
774,383,6379,0.0,3521.0
775,383,6379,0.0,3521.0
776,383,6379,0.0,3521.0
777,392,709,0.0,25.0
778,396,81,0.0,91.0
779,396,2313,0.0,803.0
780,396,2461,1.0,884.0
781,396,3056,0.0,2355.0
782,403,0,0.0,561.0
783,403,618,1.0,20.0
784,403,2819,0.0,425.0
785,403,3809,1.0,1.0
786,403,3809,1.0,1.0
787,403,3809,1.0,1.0
788,403,4976,0.0,4848.0
789,409,16,1.0,9.0
790,409,25,1.0,19.0
791,409,25,1.0,19.0
792,409,38,0.0,358.0
793,409,602,0.0,834.0
794,409,661,1.0,30.0
795,409,661,1.0,30.0
796,409,726,1.0,10.0
797,409,726,1.0,10.0
798,409,872,1.0,39.0
799,409,1292,0.0,749.0
800,409,1341,0.0,1368.0
801,409,1605,1.0,13.0
802,409,1605,1.0,13.0
803,409,1605,1.0,13.0
804,409,1671,0.0,2297.0
805,409,1705,1.0,52.0
806,409,2090,0.0,329.0
807,409,2219,1.0,1.0
808,409,2304,0.0,459.0
809,409,2466,1.0,12.0
810,409,2466,1.0,12.0
811,409,3003,1.0,15.0
812,409,3580,0.0,1938.0
813,409,3833,1.0,2.0
814,409,3857,1.0,18.0
815,409,3857,1.0,18.0
816,409,3861,1.0,17.0
817,409,3865,1.0,176.0
818,409,3868,1.0,26.0
819,409,4088,1.0,131.0
820,409,4118,0.0,5937.0
821,409,6184,0.0,6369.0
822,409,6275,0.0,5291.0
823,409,6340,0.0,6166.0
824,409,6478,0.0,5264.0
825,415,2085,1.0,3.0
826,415,6147,1.0,2.0
827,424,166,0.0,171.0
828,425,5349,0.0,2251.0
829,431,403,1.0,5.0
830,431,403,1.0,5.0
831,431,403,1.0,5.0
832,431,403,1.0,5.0
833,431,403,1.0,5.0
834,431,403,1.0,5.0
835,431,403,1.0,5.0
836,431,403,1.0,5.0
837,431,641,0.0,59.0
838,431,721,1.0,13.0
839,431,726,0.0,7.0
840,431,726,0.0,7.0
841,431,726,0.0,7.0
842,431,1121,0.0,1418.0
843,431,1266,0.0,3444.0
844,431,1377,0.0,3981.0
845,431,1590,0.0,2063.0
846,431,2078,0.0,576.0
847,431,3837,1.0,37.0
848,431,3903,1.0,11.0
849,431,3904,1.0,1.0
850,431,4392,0.0,5885.0
851,431,5521,0.0,3056.0
852,431,6310,0.0,4316.0
853,431,6432,0.0,2957.0
854,431,6519,0.0,2827.0
855,434,6176,0.0,1827.0
856,444,121,0.0,293.0
857,444,659,1.0,2.0
858,444,659,1.0,2.0
859,444,659,1.0,2.0
860,444,659,1.0,2.0
861,444,659,1.0,2.0
862,444,661,1.0,8.0
863,444,791,0.0,1082.0
864,444,824,0.0,77.0
865,444,872,1.0,7.0
866,444,1820,0.0,4951.0
867,444,1833,1.0,1.0
868,444,1833,1.0,1.0
869,444,1833,1.0,1.0
870,444,1834,0.0,1124.0
871,444,2187,0.0,6550.0
872,444,2187,0.0,6550.0
873,444,2925,0.0,4508.0
874,444,3130,0.0,3365.0
875,444,3185,0.0,5823.0
876,444,3516,0.0,2378.0
877,444,3649,1.0,15.0
878,444,3939,1.0,9.0
879,444,3940,1.0,10.0
880,444,3943,1.0,31.0
881,444,3944,1.0,4.0
882,444,6045,1.0,38.0
883,455,574,0.0,2459.0
884,455,795,0.0,1710.0
885,455,2960,0.0,5257.0
886,459,876,1.0,9.0
887,459,1219,0.0,1696.0
888,459,2920,0.0,944.0
889,464,42,1.0,23.0
890,464,305,0.0,990.0
891,464,583,1.0,2.0
892,464,583,1.0,2.0
893,464,1321,0.0,2318.0
894,464,1776,0.0,1390.0
895,464,2793,0.0,5909.0
896,464,2999,0.0,380.0
897,464,3532,0.0,6364.0
898,464,3723,0.0,889.0
899,464,6110,0.0,4041.0
900,464,6453,0.0,6087.0
901,466,18,0.0,74.0
902,466,85,0.0,1677.0
903,466,587,1.0,52.0
904,466,700,0.0,1499.0
905,466,1458,0.0,644.0
906,468,108,0.0,4102.0
907,468,178,1.0,32.0
908,468,723,1.0,15.0
909,468,727,1.0,5.0
910,468,876,0.0,1473.0
911,468,908,0.0,586.0
912,468,1318,0.0,998.0
913,468,1366,0.0,3329.0
914,468,1507,0.0,3628.0
915,468,2234,0.0,2043.0
916,468,2255,0.0,1539.0
917,468,2533,0.0,2135.0
918,468,2817,0.0,3603.0
919,468,3100,0.0,2186.0
920,468,4029,1.0,87.0
921,468,4597,0.0,805.0
922,468,5230,0.0,771.0
923,468,5522,0.0,3046.0
924,468,6109,0.0,4873.0
925,468,6172,1.0,81.0
926,473,318,1.0,8.0
927,473,659,0.0,47.0
928,473,1135,0.0,535.0
929,473,1141,0.0,153.0
930,473,2132,1.0,1.0
931,473,2132,1.0,1.0
932,473,2132,1.0,1.0
933,473,6114,0.0,1125.0
934,473,6114,0.0,1125.0
935,473,6167,0.0,508.0
936,477,709,1.0,1.0
937,477,709,1.0,1.0
938,478,18,0.0,17.0
939,478,43,0.0,258.0
940,478,81,0.0,167.0
941,478,2522,0.0,709.0
942,486,726,0.0,12.0
943,486,1177,1.0,1.0
944,486,2935,0.0,905.0
945,486,3079,0.0,2023.0
946,486,3908,1.0,34.0
947,486,3914,1.0,4.0
948,486,3919,1.0,5.0
949,486,4390,0.0,417.0
950,486,6176,1.0,6.0
951,486,6176,1.0,6.0
952,486,6421,0.0,2979.0
953,487,726,0.0,3.0
954,487,1987,0.0,1321.0
955,487,4415,0.0,4316.0
956,496,2423,1.0,1.0
957,497,1024,0.0,216.0
958,497,1805,1.0,1.0
959,497,1805,1.0,1.0
960,497,1805,1.0,1.0
961,497,1805,1.0,1.0
962,497,5091,0.0,563.0
963,497,6047,0.0,5146.0
964,500,18,1.0,20.0
965,500,21,0.0,122.0
966,500,25,1.0,3.0
967,500,25,1.0,3.0
968,500,153,0.0,1021.0
969,500,175,1.0,9.0
970,500,214,0.0,1761.0
971,500,1152,0.0,1942.0
972,500,1672,0.0,1570.0
973,500,1690,1.0,40.0
974,500,2328,0.0,4610.0
975,500,2601,0.0,461.0
976,500,3766,1.0,31.0
977,500,4169,1.0,8.0
978,500,4169,1.0,8.0
979,500,4169,1.0,8.0
980,500,4170,1.0,4.0
981,500,4173,1.0,1.0
982,500,4173,1.0,1.0
983,500,4173,1.0,1.0
984,500,4623,1.0,43.0
985,500,6116,0.0,4436.0
986,500,6181,1.0,64.0
987,500,6181,1.0,64.0
988,500,6181,1.0,64.0
989,501,214,0.0,55.0
990,501,6116,0.0,1223.0
991,515,2872,0.0,638.0
992,515,3409,0.0,2438.0
993,515,4186,1.0,5.0
994,516,21,0.0,72.0
995,516,661,1.0,2.0
996,516,769,0.0,1422.0
997,516,1991,0.0,191.0
998,516,3590,0.0,2516.0
999,516,3650,0.0,993.0
1000,516,4991,0.0,3914.0
1001,517,16,0.0,32.0
1002,517,16,0.0,32.0
1003,517,18,1.0,22.0
1004,517,25,1.0,21.0
1005,517,641,0.0,98.0
1006,517,660,0.0,169.0
1007,517,661,1.0,1.0
1008,517,661,1.0,1.0
1009,517,661,1.0,1.0
1010,517,661,1.0,1.0
1011,517,661,1.0,1.0
1012,517,661,1.0,1.0
1013,517,661,1.0,1.0
1014,517,661,1.0,1.0
1015,517,661,1.0,1.0
1016,517,721,1.0,9.0
1017,517,726,1.0,4.0
1018,517,726,1.0,4.0
1019,517,748,0.0,453.0
1020,517,824,0.0,29.0
1021,517,881,0.0,125.0
1022,517,1050,0.0,6567.0
1023,517,1092,0.0,2108.0
1024,517,1253,0.0,1661.0
1025,517,1274,0.0,393.0
1026,517,1882,0.0,3872.0
1027,517,2219,0.0,104.0
1028,517,2999,1.0,8.0
1029,517,3989,0.0,2418.0
1030,517,4194,1.0,7.0
1031,517,4991,1.0,63.0
1032,517,5121,0.0,5395.0
1033,517,5285,0.0,729.0
1034,517,5660,0.0,6392.0
1035,517,5715,0.0,6232.0
1036,517,5783,0.0,6139.0
1037,517,6110,0.0,1149.0
1038,517,6185,1.0,91.0
1039,517,6195,1.0,17.0
1040,517,6195,1.0,17.0
1041,520,3531,1.0,6.0
1042,520,4074,0.0,1824.0
1043,520,4223,1.0,4.0
1044,520,4366,0.0,4034.0
1045,520,6576,0.0,3062.0
1046,524,728,1.0,8.0
1047,529,21,1.0,10.0
1048,529,32,1.0,3.0
1049,529,32,1.0,3.0
1050,529,32,1.0,3.0
1051,529,32,1.0,3.0
1052,529,673,0.0,186.0
1053,529,824,0.0,27.0
1054,529,2895,1.0,5.0
1055,529,3982,0.0,1613.0
1056,532,859,0.0,25.0
1057,538,2021,0.0,46.0
1058,539,661,0.0,15.0
1059,539,1246,0.0,1537.0
1060,544,1995,0.0,4464.0
1061,552,2596,0.0,2739.0
1062,555,95,0.0,196.0
1063,555,4380,1.0,2.0
1064,555,4386,1.0,1.0
1065,555,4386,1.0,1.0
1066,557,443,1.0,2.0
1067,558,4397,1.0,1.0
1068,565,235,0.0,284.0
1069,569,2194,0.0,405.0
1070,569,3746,0.0,86.0
1071,569,4425,1.0,2.0
1072,569,4425,1.0,2.0
1073,569,4426,1.0,12.0
1074,569,4430,1.0,7.0
1075,569,4430,1.0,7.0
1076,573,355,0.0,3227.0
1077,573,900,1.0,14.0
1078,574,2728,1.0,7.0
1079,579,17,0.0,57.0
1080,579,18,0.0,19.0
1081,579,18,0.0,19.0
1082,579,20,0.0,49.0
1083,579,38,0.0,507.0
1084,579,44,0.0,787.0
1085,579,67,1.0,2.0
1086,579,67,1.0,2.0
1087,579,67,1.0,2.0
1088,579,67,1.0,2.0
1089,579,67,1.0,2.0
1090,579,67,1.0,2.0
1091,579,67,1.0,2.0
1092,579,67,1.0,2.0
1093,579,67,1.0,2.0
1094,579,67,1.0,2.0
1095,579,67,1.0,2.0
1096,579,67,1.0,2.0
1097,579,77,0.0,89.0
1098,579,107,0.0,992.0
1099,579,107,0.0,992.0
1100,579,162,0.0,746.0
1101,579,175,0.0,15.0
1102,579,209,0.0,1255.0
1103,579,258,0.0,581.0
1104,579,260,0.0,640.0
1105,579,263,0.0,823.0
1106,579,326,0.0,777.0
1107,579,352,0.0,3711.0
1108,579,516,0.0,1813.0
1109,579,533,0.0,2429.0
1110,579,602,1.0,20.0
1111,579,660,0.0,97.0
1112,579,661,0.0,7.0
1113,579,661,0.0,7.0
1114,579,673,0.0,290.0
1115,579,716,0.0,133.0
1116,579,722,0.0,533.0
1117,579,726,1.0,1.0
1118,579,726,1.0,1.0
1119,579,726,1.0,1.0
1120,579,726,1.0,1.0
1121,579,726,1.0,1.0
1122,579,726,1.0,1.0
1123,579,726,1.0,1.0
1124,579,726,1.0,1.0
1125,579,726,1.0,1.0
1126,579,726,1.0,1.0
1127,579,726,1.0,1.0
1128,579,726,1.0,1.0
1129,579,726,1.0,1.0
1130,579,736,0.0,524.0
1131,579,750,0.0,532.0
1132,579,782,0.0,3182.0
1133,579,793,0.0,2201.0
1134,579,822,0.0,104.0
1135,579,824,0.0,32.0
1136,579,832,0.0,40.0
1137,579,859,0.0,389.0
1138,579,865,0.0,551.0
1139,579,1149,0.0,505.0
1140,579,1150,1.0,39.0
1141,579,1153,0.0,604.0
1142,579,1267,0.0,1585.0
1143,579,1268,0.0,2436.0
1144,579,1284,0.0,5468.0
1145,579,1326,0.0,2189.0
1146,579,1327,0.0,1215.0
1147,579,1336,0.0,1562.0
1148,579,1337,0.0,1903.0
1149,579,1539,0.0,3002.0
1150,579,1602,0.0,1052.0
1151,579,1628,1.0,6.0
1152,579,1628,1.0,6.0
1153,579,1628,1.0,6.0
1154,579,1711,0.0,871.0
1155,579,1938,1.0,4.0
1156,579,1938,1.0,4.0
1157,579,1938,1.0,4.0
1158,579,1938,1.0,4.0
1159,579,1944,1.0,18.0
1160,579,2054,0.0,6075.0
1161,579,2135,0.0,6104.0
1162,579,2159,0.0,2264.0
1163,579,2168,1.0,16.0
1164,579,2168,1.0,16.0
1165,579,2170,1.0,5.0
1166,579,2170,1.0,5.0
1167,579,2170,1.0,5.0
1168,579,2221,0.0,654.0
1169,579,2352,0.0,5474.0
1170,579,2415,1.0,13.0
1171,579,2454,0.0,710.0
1172,579,2464,0.0,1970.0
1173,579,2464,0.0,1970.0
1174,579,2510,0.0,1298.0
1175,579,2554,0.0,4182.0
1176,579,2619,0.0,2219.0
1177,579,2681,0.0,1546.0
1178,579,2883,0.0,728.0
1179,579,2927,0.0,6655.0
1180,579,2997,0.0,4227.0
1181,579,2999,1.0,71.0
1182,579,2999,1.0,71.0
1183,579,3309,0.0,1655.0
1184,579,3361,0.0,4737.0
1185,579,3433,0.0,3305.0
1186,579,3566,0.0,782.0
1187,579,3593,0.0,2223.0
1188,579,3657,0.0,2826.0
1189,579,3665,0.0,5361.0
1190,579,3707,1.0,9.0
1191,579,3707,1.0,9.0
1192,579,3729,0.0,3581.0
1193,579,3746,1.0,101.0
1194,579,3747,0.0,6391.0
1195,579,3976,0.0,2402.0
1196,579,3987,0.0,2875.0
1197,579,3988,0.0,1445.0
1198,579,4040,0.0,5035.0
1199,579,4338,0.0,3138.0
1200,579,4503,1.0,3.0
1201,579,4503,1.0,3.0
1202,579,4503,1.0,3.0
1203,579,4516,1.0,22.0
1204,579,4516,1.0,22.0
1205,579,4618,0.0,6659.0
1206,579,4636,0.0,855.0
1207,579,4821,0.0,5081.0
1208,579,4870,0.0,1893.0
1209,579,4884,0.0,3887.0
1210,579,4888,0.0,5716.0
1211,579,5376,0.0,3800.0
1212,579,5568,0.0,6269.0
1213,579,5619,0.0,2441.0
1214,579,5622,0.0,3416.0
1215,579,5650,0.0,3819.0
1216,579,5704,0.0,3672.0
1217,579,5792,0.0,6309.0
1218,579,5854,0.0,1312.0
1219,579,5896,1.0,80.0
1220,579,5946,0.0,6111.0
1221,579,6016,0.0,6379.0
1222,579,6047,0.0,3717.0
1223,579,6060,0.0,3837.0
1224,579,6110,0.0,2188.0
1225,579,6114,0.0,2778.0
1226,579,6131,0.0,2203.0
1227,579,6154,0.0,6343.0
1228,579,6188,0.0,2347.0
1229,579,6189,0.0,3835.0
1230,579,6190,0.0,3834.0
1231,579,6425,0.0,5514.0
1232,579,6434,0.0,5799.0
1233,579,6501,0.0,4152.0
1234,579,6505,0.0,4131.0
1235,579,6528,0.0,3198.0
1236,579,6590,0.0,3872.0
1237,579,6639,0.0,5572.0
1238,580,581,0.0,1646.0
1239,580,836,0.0,1796.0
1240,580,856,1.0,15.0
1241,580,871,1.0,4.0
1242,580,871,1.0,4.0
1243,580,1946,1.0,6.0
1244,580,3704,0.0,2072.0
1245,580,4586,1.0,1.0
1246,580,4792,1.0,3.0
1247,586,815,0.0,2744.0
1248,586,1603,1.0,1.0
1249,599,659,0.0,41.0
1250,599,1941,1.0,1.0
1251,599,2772,0.0,196.0
1252,601,6643,0.0,6415.0
1253,605,24,0.0,3461.0
1254,605,111,0.0,321.0
1255,605,214,1.0,6.0
1256,605,394,0.0,732.0
1257,605,510,0.0,255.0
1258,605,723,0.0,28.0
1259,605,729,0.0,169.0
1260,605,736,1.0,47.0
1261,605,832,0.0,23.0
1262,605,832,0.0,23.0
1263,605,953,0.0,330.0
1264,605,970,1.0,62.0
1265,605,1127,1.0,1.0
1266,605,1155,1.0,46.0
1267,605,1325,1.0,21.0
1268,605,1451,0.0,2487.0
1269,605,1572,0.0,343.0
1270,605,1792,1.0,80.0
1271,605,1843,0.0,2451.0
1272,605,2369,0.0,6650.0
1273,605,2803,1.0,92.0
1274,605,3026,0.0,4066.0
1275,605,3457,1.0,110.0
1276,605,3457,1.0,110.0
1277,605,3560,0.0,2898.0
1278,605,3611,0.0,1379.0
1279,605,4632,1.0,132.0
1280,605,4682,0.0,3097.0
1281,605,5505,0.0,2681.0
1282,605,5833,0.0,4132.0
1283,605,6268,1.0,85.0
1284,605,6332,0.0,3190.0
1285,605,6471,0.0,3264.0
1286,609,1127,0.0,40.0
1287,616,6047,0.0,3410.0
1288,618,726,0.0,14.0
1289,620,4665,1.0,1.0
1290,628,2828,1.0,1.0
1291,628,2828,1.0,1.0
1292,638,2946,1.0,23.0
1293,638,4689,1.0,2.0
1294,641,27,0.0,547.0
1295,641,728,0.0,3168.0
1296,641,824,0.0,23.0
1297,641,865,0.0,808.0
1298,641,1006,0.0,228.0
1299,641,1893,0.0,460.0
1300,641,2407,0.0,4639.0
1301,641,2494,1.0,49.0
1302,641,3498,0.0,146.0
1303,641,4415,0.0,1167.0
1304,641,4698,1.0,199.0
1305,641,4709,1.0,63.0
1306,641,4728,1.0,373.0
1307,641,4754,1.0,374.0
1308,641,4768,1.0,364.0
1309,643,69,0.0,114.0
1310,643,6226,0.0,5475.0
1311,647,119,0.0,655.0
1312,647,182,0.0,1840.0
1313,647,222,1.0,25.0
1314,647,595,0.0,2354.0
1315,647,709,0.0,39.0
1316,647,872,1.0,5.0
1317,647,872,1.0,5.0
1318,647,872,1.0,5.0
1319,647,872,1.0,5.0
1320,647,872,1.0,5.0
1321,647,872,1.0,5.0
1322,647,900,1.0,12.0
1323,647,1087,1.0,22.0
1324,647,2294,0.0,1839.0
1325,647,2294,0.0,1839.0
1326,647,3466,0.0,6343.0
1327,647,3692,0.0,3768.0
1328,647,4499,0.0,3030.0
1329,647,4787,1.0,2.0
1330,647,4787,1.0,2.0
1331,647,4787,1.0,2.0
1332,647,4787,1.0,2.0
1333,647,4787,1.0,2.0
1334,647,4787,1.0,2.0
1335,647,4787,1.0,2.0
1336,647,4787,1.0,2.0
1337,647,4787,1.0,2.0
1338,647,4787,1.0,2.0
1339,647,4787,1.0,2.0
1340,647,4787,1.0,2.0
1341,647,4787,1.0,2.0
1342,647,4789,1.0,30.0
1343,647,5145,0.0,1589.0
1344,647,5975,1.0,4.0
1345,647,5975,1.0,4.0
1346,647,5975,1.0,4.0
1347,647,5975,1.0,4.0
1348,647,5975,1.0,4.0
1349,647,5975,1.0,4.0
1350,647,5975,1.0,4.0
1351,647,5975,1.0,4.0
1352,647,5975,1.0,4.0
1353,647,5975,1.0,4.0
1354,647,5975,1.0,4.0
1355,647,5975,1.0,4.0
1356,647,5975,1.0,4.0
1357,647,5975,1.0,4.0
1358,647,5975,1.0,4.0
1359,647,5975,1.0,4.0
1360,647,5975,1.0,4.0
1361,647,6045,0.0,486.0
1362,647,6108,1.0,31.0
1363,647,6108,1.0,31.0
1364,647,6281,1.0,36.0
1365,647,6284,1.0,7.0
1366,647,6284,1.0,7.0
1367,647,6284,1.0,7.0
1368,647,6284,1.0,7.0
1369,647,6284,1.0,7.0
1370,647,6284,1.0,7.0
1371,647,6284,1.0,7.0
1372,647,6284,1.0,7.0
1373,647,6284,1.0,7.0
1374,647,6284,1.0,7.0
1375,647,6284,1.0,7.0
1376,647,6284,1.0,7.0
1377,647,6284,1.0,7.0
1378,647,6284,1.0,7.0
1379,647,6284,1.0,7.0
1380,647,6285,1.0,9.0
1381,647,6286,1.0,37.0
1382,647,6286,1.0,37.0
1383,653,184,1.0,1.0
1384,653,184,1.0,1.0
1385,653,184,1.0,1.0
1386,653,184,1.0,1.0
1387,653,659,0.0,22.0
1388,653,1160,0.0,638.0
1389,653,1633,0.0,3540.0
1390,653,2559,1.0,4.0
1391,653,2559,1.0,4.0
1392,653,2623,1.0,3.0
1393,653,2648,1.0,9.0
1394,653,3571,0.0,2731.0
1395,653,3571,0.0,2731.0
1396,653,4569,0.0,3428.0
1397,653,4673,0.0,3622.0
1398,653,6103,0.0,6548.0
1399,653,6245,0.0,4720.0
1400,653,6287,1.0,5.0
1401,655,4800,1.0,1.0
1402,656,4918,0.0,5911.0
1403,666,21,0.0,59.0
1404,666,1023,0.0,5636.0
1405,666,1895,1.0,18.0
1406,666,2229,1.0,22.0
1407,666,3668,0.0,206.0
1408,666,3939,0.0,337.0
1409,666,4857,1.0,1.0
1410,666,4857,1.0,1.0
1411,666,4857,1.0,1.0
1412,666,4857,1.0,1.0
1413,666,4861,1.0,3.0
1414,668,99,1.0,46.0
1415,668,4641,1.0,1.0
1416,668,4641,1.0,1.0
1417,668,4874,1.0,6.0
1418,669,6348,0.0,1224.0
1419,676,723,0.0,39.0
1420,676,726,1.0,3.0
1421,676,726,1.0,3.0
1422,676,3069,1.0,1.0
1423,676,3069,1.0,1.0
1424,679,3434,1.0,7.0
1425,679,3434,1.0,7.0
1426,686,17,0.0,106.0
1427,686,20,1.0,11.0
1428,686,42,0.0,109.0
1429,686,83,1.0,51.0
1430,686,93,1.0,60.0
1431,686,175,1.0,6.0
1432,686,271,1.0,21.0
1433,686,314,0.0,453.0
1434,686,709,1.0,41.0
1435,686,723,1.0,1.0
1436,686,723,1.0,1.0
1437,686,727,1.0,2.0
1438,686,727,1.0,2.0
1439,686,727,1.0,2.0
1440,686,752,1.0,47.0
1441,686,824,1.0,19.0
1442,686,853,0.0,108.0
1443,686,862,1.0,46.0
1444,686,870,0.0,168.0
1445,686,1006,1.0,61.0
1446,686,1119,0.0,222.0
1447,686,1260,1.0,56.0
1448,686,1664,0.0,1206.0
1449,686,1664,0.0,1206.0
1450,686,1664,0.0,1206.0
1451,686,1664,0.0,1206.0
1452,686,1664,0.0,1206.0
1453,686,1664,0.0,1206.0
1454,686,1818,0.0,100.0
1455,686,1819,1.0,5.0
1456,686,1819,1.0,5.0
1457,686,1819,1.0,5.0
1458,686,2021,1.0,43.0
1459,686,2377,0.0,144.0
1460,686,2711,1.0,53.0
1461,686,2985,1.0,35.0
1462,686,3483,1.0,93.0
1463,686,3483,1.0,93.0
1464,686,3483,1.0,93.0
1465,686,3485,0.0,249.0
1466,686,4074,0.0,377.0
1467,686,6047,0.0,4293.0
1468,686,6311,0.0,2485.0
1469,691,2527,1.0,1.0
1470,691,2527,1.0,1.0
1471,691,2527,1.0,1.0
1472,691,2527,1.0,1.0
1473,691,2527,1.0,1.0
1474,692,140,1.0,20.0
1475,692,140,1.0,20.0
1476,692,1842,0.0,4599.0
1477,692,2801,0.0,3431.0
1478,692,4601,0.0,1420.0
1479,696,696,0.0,974.0
1480,696,6306,1.0,3.0
1481,701,4951,0.0,5514.0
1482,705,2158,1.0,13.0
1483,705,2250,1.0,9.0
1484,705,3480,1.0,15.0
1485,705,3480,1.0,15.0
1486,705,3640,0.0,44.0
1487,708,810,0.0,6248.0
1488,711,162,0.0,158.0
1489,711,673,0.0,144.0
1490,711,1906,0.0,1448.0
1491,711,4938,1.0,12.0
1492,711,6110,0.0,2287.0
1493,711,6310,1.0,1.0
1494,718,876,0.0,75.0
1495,718,2817,0.0,300.0
1496,718,3255,0.0,5546.0
1497,718,6268,1.0,2.0
1498,718,6268,1.0,2.0
1499,722,169,0.0,116.0
1500,722,5349,0.0,2245.0
1501,725,934,0.0,106.0
1502,725,1672,0.0,67.0
1503,725,1880,0.0,3478.0
1504,725,4976,0.0,2299.0
1505,726,208,0.0,402.0
1506,731,702,1.0,7.0
1507,731,846,1.0,15.0
1508,731,888,1.0,2.0
1509,731,1470,1.0,9.0
1510,731,1951,1.0,10.0
1511,731,1970,1.0,3.0
1512,731,1970,1.0,3.0
1513,731,2084,0.0,1410.0
1514,731,2567,1.0,1.0
1515,731,2567,1.0,1.0
1516,731,3408,1.0,5.0
1517,731,4408,0.0,1647.0
1518,731,4955,1.0,4.0
1519,731,4955,1.0,4.0
1520,731,4958,1.0,29.0
1521,731,5383,0.0,2696.0
1522,732,151,0.0,5490.0
1523,732,673,0.0,180.0
1524,732,2856,1.0,3.0
1525,732,2858,1.0,1.0
1526,732,2858,1.0,1.0
1527,732,2858,1.0,1.0
1528,732,2858,1.0,1.0
1529,732,2858,1.0,1.0
1530,732,2858,1.0,1.0
1531,732,2858,1.0,1.0
1532,732,2858,1.0,1.0
1533,732,2858,1.0,1.0
1534,732,2858,1.0,1.0
1535,732,2858,1.0,1.0
1536,732,2858,1.0,1.0
1537,732,2858,1.0,1.0
1538,732,2858,1.0,1.0
1539,732,2858,1.0,1.0
1540,732,2858,1.0,1.0
1541,732,2858,1.0,1.0
1542,732,2858,1.0,1.0
1543,732,2858,1.0,1.0
1544,732,2858,1.0,1.0
1545,732,2858,1.0,1.0
1546,732,4960,1.0,9.0
1547,732,6316,1.0,4.0
1548,732,6316,1.0,4.0
1549,732,6316,1.0,4.0
1550,737,16,1.0,4.0
1551,737,16,1.0,4.0
1552,737,16,1.0,4.0
1553,737,16,1.0,4.0
1554,737,16,1.0,4.0
1555,737,18,0.0,49.0
1556,737,661,1.0,16.0
1557,737,1086,1.0,33.0
1558,737,1086,1.0,33.0
1559,737,1793,0.0,1936.0
1560,737,1835,1.0,7.0
1561,737,1835,1.0,7.0
1562,737,1835,1.0,7.0
1563,737,2454,0.0,399.0
1564,737,2938,0.0,1189.0
1565,737,3498,1.0,23.0
1566,737,3863,1.0,36.0
1567,737,4968,1.0,14.0
1568,737,6045,0.0,204.0
1569,738,6047,0.0,3433.0
1570,739,129,0.0,274.0
1571,739,1328,0.0,1604.0
1572,739,4838,0.0,194.0
1573,739,4844,1.0,3.0
1574,746,7,0.0,430.0
1575,746,112,0.0,436.0
1576,746,175,0.0,51.0
1577,746,217,0.0,1304.0
1578,746,659,1.0,1.0
1579,746,659,1.0,1.0
1580,746,659,1.0,1.0
1581,746,659,1.0,1.0
1582,746,659,1.0,1.0
1583,746,659,1.0,1.0
1584,746,659,1.0,1.0
1585,746,659,1.0,1.0
1586,746,659,1.0,1.0
1587,746,659,1.0,1.0
1588,746,659,1.0,1.0
1589,746,659,1.0,1.0
1590,746,659,1.0,1.0
1591,746,659,1.0,1.0
1592,746,659,1.0,1.0
1593,746,659,1.0,1.0
1594,746,659,1.0,1.0
1595,746,659,1.0,1.0
1596,746,659,1.0,1.0
1597,746,659,1.0,1.0
1598,746,659,1.0,1.0
1599,746,659,1.0,1.0
1600,746,736,0.0,249.0
1601,746,824,1.0,4.0
1602,746,824,1.0,4.0
1603,746,1007,0.0,324.0
1604,746,1274,0.0,129.0
1605,746,1302,0.0,790.0
1606,746,1696,0.0,3944.0
1607,746,2046,0.0,522.0
1608,746,2046,0.0,522.0
1609,746,2219,0.0,120.0
1610,746,2335,0.0,3732.0
1611,746,3089,0.0,3364.0
1612,746,3498,1.0,20.0
1613,746,3921,0.0,742.0
1614,746,3921,0.0,742.0
1615,746,3994,0.0,1000.0
1616,746,4074,0.0,1842.0
1617,746,6097,1.0,31.0
1618,746,6322,1.0,11.0
1619,746,6322,1.0,11.0
1620,746,6402,0.0,3247.0
1621,746,6682,0.0,5590.0
1622,748,280,0.0,712.0
1623,748,571,0.0,2354.0
1624,748,661,1.0,17.0
1625,748,791,0.0,1742.0
1626,748,835,0.0,101.0
1627,748,1818,0.0,72.0
1628,748,1886,0.0,2778.0
1629,748,2241,0.0,823.0
1630,748,2786,0.0,1007.0
1631,748,2813,1.0,3.0
1632,748,2813,1.0,3.0
1633,748,2843,1.0,2.0
1634,748,2843,1.0,2.0
1635,748,2843,1.0,2.0
1636,748,2978,0.0,3539.0
1637,748,3782,0.0,4385.0
1638,748,3782,0.0,4385.0
1639,748,3789,0.0,3026.0
1640,748,4034,1.0,5.0
1641,748,4034,1.0,5.0
1642,748,4034,1.0,5.0
1643,748,4034,1.0,5.0
1644,748,4999,1.0,4.0
1645,748,5000,1.0,1.0
1646,748,5011,1.0,7.0
1647,748,6589,0.0,6400.0
1648,751,3542,0.0,199.0
1649,751,4252,0.0,513.0
1650,751,6310,0.0,1800.0
1651,752,271,1.0,2.0
1652,752,741,1.0,1.0
1653,752,872,0.0,138.0
1654,752,900,0.0,71.0
1655,752,900,0.0,71.0
1656,752,900,0.0,71.0
1657,752,1140,1.0,3.0
1658,752,2198,0.0,6626.0
1659,752,3564,1.0,25.0
1660,752,4572,0.0,6031.0
1661,761,41,0.0,61.0
1662,761,2710,0.0,1256.0
1663,761,3281,0.0,4253.0
1664,761,5028,1.0,1.0
1665,766,6271,0.0,6451.0
1666,768,2999,0.0,310.0
1667,768,4185,0.0,5976.0
1668,768,5037,1.0,1.0
1669,775,740,0.0,730.0
1670,775,4762,1.0,16.0
1671,775,5009,1.0,2.0
1672,775,5009,1.0,2.0
1673,775,5631,0.0,4982.0
1674,782,1816,0.0,3855.0
1675,782,1822,0.0,1585.0
1676,782,1863,0.0,3649.0
1677,782,2021,0.0,20.0
1678,782,2929,0.0,4306.0
1679,782,3751,0.0,3451.0
1680,782,4004,0.0,3856.0
1681,782,4743,0.0,4292.0
1682,782,6686,0.0,3120.0
1683,786,1882,0.0,3857.0
1684,786,2021,1.0,3.0
1685,786,4750,0.0,4239.0
1686,786,6622,0.0,6099.0
1687,787,693,1.0,7.0
1688,787,3349,0.0,3389.0
1689,787,3434,1.0,6.0
1690,787,5058,1.0,2.0
1691,787,5058,1.0,2.0
1692,787,5058,1.0,2.0
1693,787,5058,1.0,2.0
1694,787,5059,1.0,1.0
1695,787,5059,1.0,1.0
1696,787,5059,1.0,1.0
1697,787,5059,1.0,1.0
1698,787,6180,1.0,5.0
1699,787,6652,0.0,6662.0
1700,792,617,0.0,59.0
1701,792,722,0.0,200.0
1702,792,1630,0.0,2147.0
1703,792,2021,0.0,36.0
1704,792,2531,1.0,2.0
1705,792,2531,1.0,2.0
1706,792,2531,1.0,2.0
1707,792,2531,1.0,2.0
1708,792,2531,1.0,2.0
1709,792,2531,1.0,2.0
1710,792,2531,1.0,2.0
1711,792,2531,1.0,2.0
1712,792,2531,1.0,2.0
1713,792,2531,1.0,2.0
1714,792,2643,0.0,4323.0
1715,792,2701,1.0,6.0
1716,792,2701,1.0,6.0
1717,792,2917,0.0,1470.0
1718,792,2917,0.0,1470.0
1719,792,2999,0.0,55.0
1720,792,3230,1.0,22.0
1721,792,4930,0.0,5347.0
1722,792,5066,1.0,26.0
1723,792,5067,1.0,20.0
1724,792,5648,0.0,3270.0
1725,792,5820,0.0,6118.0
1726,792,6093,0.0,1635.0
1727,800,661,0.0,9.0
1728,800,709,0.0,7.0
1729,800,723,0.0,33.0
1730,800,876,0.0,1414.0
1731,800,2078,0.0,545.0
1732,800,2855,0.0,296.0
1733,800,2855,0.0,296.0
1734,800,2858,0.0,476.0
1735,800,3640,0.0,43.0
1736,800,3640,0.0,43.0
1737,800,3848,0.0,6683.0
1738,800,6047,0.0,5146.0
1739,811,726,0.0,39.0
1740,812,20,0.0,59.0
1741,812,138,0.0,253.0
1742,812,4103,0.0,314.0
1743,812,5090,1.0,4.0
1744,812,5435,0.0,2245.0
1745,812,6404,0.0,3013.0
1746,815,18,0.0,81.0
1747,815,721,0.0,76.0
1748,815,726,1.0,2.0
1749,815,726,1.0,2.0
1750,815,726,1.0,2.0
1751,815,726,1.0,2.0
1752,815,726,1.0,2.0
1753,815,726,1.0,2.0
1754,815,726,1.0,2.0
1755,815,853,0.0,85.0
1756,815,1041,0.0,520.0
1757,815,1119,0.0,3230.0
1758,815,1129,0.0,2189.0
1759,815,1768,0.0,233.0
1760,815,1987,1.0,8.0
1761,815,2021,0.0,86.0
1762,815,2833,0.0,5573.0
1763,815,2965,1.0,9.0
1764,815,3336,0.0,2255.0
1765,815,3446,0.0,3432.0
1766,815,3446,0.0,3432.0
1767,815,3640,1.0,11.0
1768,815,5103,1.0,1.0
1769,815,5103,1.0,1.0
1770,815,5103,1.0,1.0
1771,815,5103,1.0,1.0
1772,815,5103,1.0,1.0
1773,815,5103,1.0,1.0
1774,815,5103,1.0,1.0
1775,815,5109,1.0,72.0
1776,817,17,0.0,60.0
1777,817,442,0.0,1439.0
1778,822,740,0.0,177.0
1779,822,1264,0.0,906.0
1780,822,3996,0.0,2154.0
1781,830,3450,0.0,1656.0
1782,830,5122,1.0,2.0
1783,830,6341,1.0,20.0
1784,830,6341,1.0,20.0
1785,831,1481,0.0,1599.0
1786,831,2496,0.0,964.0
1787,831,2525,0.0,3235.0
1788,831,6342,1.0,2.0
1789,831,6342,1.0,2.0
1790,831,6342,1.0,2.0
1791,831,6342,1.0,2.0
1792,831,6342,1.0,2.0
1793,831,6342,1.0,2.0
1794,831,6343,1.0,3.0
1795,831,6343,1.0,3.0
1796,838,628,0.0,4023.0
1797,838,824,1.0,10.0
1798,838,4111,0.0,999.0
1799,838,4214,0.0,5960.0
1800,839,1186,1.0,1.0
1801,840,2860,0.0,256.0
1802,846,659,1.0,21.0
1803,846,824,1.0,8.0
1804,846,855,0.0,450.0
1805,846,1006,0.0,280.0
1806,846,2323,0.0,759.0
1807,846,2681,0.0,2128.0
1808,846,2999,0.0,86.0
1809,846,3521,0.0,247.0
1810,850,726,1.0,3.0
1811,850,726,1.0,3.0
1812,850,727,0.0,61.0
1813,859,603,0.0,3396.0
1814,863,2522,0.0,126.0
1815,864,293,0.0,5527.0
1816,864,968,0.0,441.0
1817,864,2256,0.0,5777.0
1818,864,2726,0.0,1815.0
1819,864,4722,0.0,3840.0
1820,864,4894,0.0,3182.0
1821,864,5298,0.0,4856.0
1822,870,3085,0.0,3589.0
1823,870,5238,0.0,6113.0
1824,870,6562,0.0,2915.0
1825,873,722,0.0,179.0
1826,874,86,0.0,615.0
1827,874,95,0.0,651.0
1828,874,175,0.0,4.0
1829,874,305,0.0,1845.0
1830,874,328,0.0,4094.0
1831,874,511,0.0,420.0
1832,874,737,0.0,31.0
1833,874,737,0.0,31.0
1834,874,816,0.0,3000.0
1835,874,1016,0.0,176.0
1836,874,1143,0.0,29.0
1837,874,1615,0.0,1066.0
1838,874,1778,1.0,355.0
1839,874,1782,0.0,951.0
1840,874,2323,0.0,743.0
1841,874,2631,0.0,435.0
1842,874,2657,0.0,1963.0
1843,874,2660,0.0,1839.0
1844,874,3572,0.0,2593.0
1845,874,3621,0.0,4402.0
1846,874,3754,1.0,1492.0
1847,874,3776,0.0,2651.0
1848,874,4318,0.0,4969.0
1849,874,5050,0.0,5780.0
1850,874,5955,0.0,5309.0
1851,874,6021,0.0,2123.0
1852,874,6110,0.0,1125.0
1853,874,6110,0.0,1125.0
1854,874,6397,0.0,6320.0
1855,875,77,0.0,64.0
1856,875,83,1.0,40.0
1857,875,299,0.0,719.0
1858,875,326,0.0,1466.0
1859,875,693,0.0,1046.0
1860,875,727,1.0,12.0
1861,875,812,0.0,2180.0
1862,875,881,0.0,55.0
1863,875,1178,0.0,551.0
1864,875,2573,0.0,265.0
1865,875,2757,1.0,71.0
1866,875,2780,1.0,85.0
1867,875,2940,0.0,3979.0
1868,875,2999,0.0,450.0
1869,875,3488,0.0,184.0
1870,875,3488,0.0,184.0
1871,875,3498,1.0,48.0
1872,875,3924,0.0,5992.0
1873,875,5070,0.0,2513.0
1874,875,5176,1.0,235.0
1875,875,5181,1.0,5.0
1876,875,6355,1.0,174.0
1877,879,25,1.0,4.0
1878,879,709,0.0,12.0
1879,879,726,1.0,1.0
1880,879,1040,0.0,2516.0
1881,879,3817,0.0,3204.0
1882,880,726,1.0,1.0
1883,880,752,0.0,32.0
1884,881,93,0.0,121.0
1885,881,3575,1.0,37.0
1886,886,7,0.0,531.0
1887,886,714,0.0,2839.0
1888,886,1291,0.0,1471.0
1889,886,1446,1.0,22.0
1890,886,1894,0.0,1031.0
1891,886,2625,0.0,234.0
1892,886,2967,0.0,162.0
1893,886,3736,0.0,6144.0
1894,886,3783,0.0,441.0
1895,886,4205,0.0,3844.0
1896,886,4229,0.0,4507.0
1897,886,4629,1.0,8.0
1898,886,4657,0.0,3199.0
1899,886,4841,0.0,2321.0
1900,886,5441,0.0,2812.0
1901,886,5526,0.0,3304.0
1902,886,5780,0.0,1298.0
1903,886,6438,0.0,2497.0
1904,886,6641,0.0,3068.0
1905,889,1272,1.0,9.0
1906,889,1333,0.0,6196.0
1907,889,1915,0.0,1465.0
1908,889,2021,0.0,31.0
1909,889,3206,0.0,5660.0
1910,889,3418,0.0,5730.0
1911,889,4863,0.0,6509.0
1912,889,5322,1.0,77.0
1913,889,5344,0.0,5634.0
1914,889,5496,0.0,4977.0
1915,889,6047,0.0,5146.0
1916,889,6348,0.0,1253.0
1917,889,6360,1.0,137.0
1918,894,4335,0.0,2539.0
1919,908,46,0.0,164.0
1920,908,1227,0.0,1167.0
1921,908,1477,1.0,1.0
1922,908,1477,1.0,1.0
1923,908,4521,0.0,5603.0
1924,908,5260,1.0,2.0
1925,908,6364,1.0,12.0
1926,908,6364,1.0,12.0
1927,908,6364,1.0,12.0
1928,908,6364,1.0,12.0
1929,910,695,1.0,6.0
1930,910,697,1.0,1.0
1931,910,697,1.0,1.0
1932,910,697,1.0,1.0
1933,910,697,1.0,1.0
1934,910,699,0.0,2903.0
1935,910,832,0.0,37.0
1936,910,852,0.0,2915.0
1937,910,862,0.0,39.0
1938,910,1765,0.0,4925.0
1939,910,4917,1.0,2.0
1940,910,6032,0.0,5805.0
1941,911,2379,0.0,649.0
1942,920,726,0.0,1.0
1943,926,823,0.0,117.0
1944,929,715,0.0,551.0
1945,929,905,0.0,1489.0
1946,929,4845,0.0,3501.0
1947,936,305,0.0,1190.0
1948,936,649,1.0,1.0
1949,936,2854,0.0,452.0
1950,936,3992,0.0,4850.0
1951,938,11,0.0,664.0
1952,938,166,0.0,173.0
1953,938,824,0.0,36.0
1954,938,857,0.0,80.0
1955,938,1127,0.0,67.0
1956,938,2897,1.0,1.0
1957,938,2897,1.0,1.0
1958,938,3665,0.0,2840.0
1959,938,4203,0.0,1896.0
1960,938,4850,0.0,4211.0
1961,938,5379,0.0,5490.0
1962,938,5847,0.0,4370.0
1963,939,1075,0.0,268.0
1964,939,1751,0.0,2091.0
1965,939,1802,0.0,1803.0
1966,939,5100,0.0,6188.0
1967,944,1782,1.0,7.0
1968,944,4273,1.0,4.0
1969,944,5301,1.0,1.0
1970,944,5301,1.0,1.0
1971,944,5301,1.0,1.0
1972,944,5301,1.0,1.0
1973,944,5301,1.0,1.0
1974,944,5301,1.0,1.0
1975,944,5301,1.0,1.0
1976,945,570,1.0,5.0
1977,945,4006,1.0,12.0
1978,947,25,0.0,11.0
1979,947,6125,0.0,6023.0
1980,951,1127,0.0,101.0
1981,951,1294,1.0,38.0
1982,951,1929,1.0,2.0
1983,951,3087,0.0,396.0
1984,951,3268,0.0,2128.0
1985,954,16,0.0,40.0
1986,954,20,0.0,114.0
1987,954,25,0.0,6.0
1988,954,41,0.0,252.0
1989,954,83,1.0,64.0
1990,954,111,0.0,3323.0
1991,954,208,1.0,42.0
1992,954,264,0.0,1723.0
1993,954,312,1.0,29.0
1994,954,378,0.0,3322.0
1995,954,385,0.0,5445.0
1996,954,487,1.0,198.0
1997,954,776,0.0,331.0
1998,954,795,0.0,2048.0
1999,954,848,0.0,185.0
2000,954,968,1.0,69.0
2001,954,1025,0.0,1039.0
2002,954,1025,0.0,1039.0
2003,954,1247,0.0,3336.0
2004,954,1252,0.0,270.0
2005,954,1272,1.0,10.0
2006,954,1310,0.0,1643.0
2007,954,1395,0.0,543.0
2008,954,1478,0.0,464.0
2009,954,1515,0.0,3275.0
2010,954,1530,1.0,184.0
2011,954,1818,1.0,9.0
2012,954,1853,0.0,1902.0
2013,954,1918,0.0,3128.0
2014,954,1972,0.0,529.0
2015,954,1981,0.0,1826.0
2016,954,2317,0.0,3324.0
2017,954,2711,0.0,289.0
2018,954,2872,1.0,106.0
2019,954,2872,1.0,106.0
2020,954,2896,0.0,4744.0
2021,954,2963,0.0,3358.0
2022,954,3018,0.0,3617.0
2023,954,3022,0.0,417.0
2024,954,3640,0.0,89.0
2025,954,4086,0.0,3417.0
2026,954,4090,1.0,196.0
2027,954,4090,1.0,196.0
2028,954,4181,1.0,157.0
2029,954,4215,1.0,26.0
2030,954,4215,1.0,26.0
2031,954,4215,1.0,26.0
2032,954,4496,0.0,5625.0
2033,954,4621,0.0,4623.0
2034,954,4683,0.0,2338.0
2035,954,4882,0.0,3742.0
2036,954,4981,1.0,8.0
2037,954,5133,0.0,5052.0
2038,954,5150,1.0,14.0
2039,954,5150,1.0,14.0
2040,954,5234,0.0,3513.0
2041,954,5321,1.0,218.0
2042,954,5329,1.0,191.0
2043,954,5332,1.0,60.0
2044,954,5338,1.0,216.0
2045,954,5351,0.0,3852.0
2046,954,5465,1.0,102.0
2047,954,5507,0.0,5869.0
2048,954,5559,0.0,6045.0
2049,954,5560,0.0,3061.0
2050,954,5959,0.0,4554.0
2051,954,6299,0.0,4976.0
2052,954,6310,0.0,4322.0
2053,954,6326,0.0,558.0
2054,954,6327,1.0,35.0
2055,954,6327,1.0,35.0
2056,954,6327,1.0,35.0
2057,954,6327,1.0,35.0
2058,954,6328,0.0,6360.0
2059,954,6355,1.0,169.0
2060,954,6529,0.0,5393.0
2061,954,6686,0.0,6369.0
2062,956,78,1.0,6.0
2063,956,734,0.0,4056.0
2064,956,2655,0.0,4587.0
2065,956,2894,0.0,674.0
2066,956,3881,1.0,2.0
2067,956,3881,1.0,2.0
2068,956,4040,0.0,5956.0
2069,956,6218,0.0,2692.0
2070,961,1738,0.0,6226.0
2071,962,689,0.0,883.0
2072,962,851,0.0,3203.0
2073,962,893,0.0,1005.0
2074,962,1014,0.0,4920.0
2075,962,1017,0.0,2790.0
2076,962,1127,0.0,687.0
2077,962,1450,0.0,535.0
2078,962,2230,0.0,990.0
2079,962,2658,0.0,3263.0
2080,962,2661,0.0,1907.0
2081,962,3000,0.0,3309.0
2082,962,3809,0.0,3669.0
2083,962,3812,0.0,5535.0
2084,962,3815,0.0,6338.0
2085,962,6047,0.0,5146.0
2086,962,6150,0.0,3062.0
2087,963,75,0.0,425.0
2088,963,1184,0.0,2697.0
2089,963,2213,0.0,2060.0
2090,963,2722,0.0,1645.0
2091,963,2769,0.0,1904.0
2092,963,3543,0.0,666.0
2093,963,4388,0.0,916.0
2094,963,5207,0.0,1052.0
2095,964,41,0.0,84.0
2096,964,166,0.0,200.0
2097,964,259,0.0,3736.0
2098,964,275,0.0,4194.0
2099,964,641,0.0,85.0
2100,964,659,0.0,83.0
2101,964,698,0.0,113.0
2102,964,1149,0.0,798.0
2103,964,1155,0.0,158.0
2104,964,1173,1.0,18.0
2105,964,1173,1.0,18.0
2106,964,2209,0.0,5648.0
2107,964,2220,0.0,1007.0
2108,964,2625,1.0,1.0
2109,964,2625,1.0,1.0
2110,964,2625,1.0,1.0
2111,964,2625,1.0,1.0
2112,964,2923,0.0,3149.0
2113,964,2963,0.0,177.0
2114,964,3081,0.0,2073.0
2115,964,3626,0.0,3332.0
2116,964,3955,0.0,4578.0
2117,964,4230,0.0,4804.0
2118,964,4424,1.0,13.0
2119,964,5050,0.0,5784.0
2120,964,5201,1.0,37.0
2121,964,5201,1.0,37.0
2122,964,5354,1.0,8.0
2123,964,6359,1.0,50.0
2124,964,6359,1.0,50.0
2125,964,6372,0.0,2608.0
2126,964,6641,0.0,3065.0
2127,965,607,0.0,797.0
2128,965,659,1.0,3.0
2129,965,6045,0.0,452.0
2130,966,4755,0.0,3893.0
2131,966,5571,0.0,4975.0
2132,967,21,0.0,70.0
2133,967,69,1.0,1.0
2134,967,69,1.0,1.0
2135,967,69,1.0,1.0
2136,967,175,0.0,15.0
2137,967,1155,0.0,1701.0
2138,967,1286,0.0,3335.0
2139,967,1301,0.0,418.0
2140,967,2901,0.0,735.0
2141,967,3645,0.0,409.0
2142,967,3741,0.0,2551.0
2143,967,4203,0.0,1834.0
2144,967,4381,0.0,3090.0
2145,967,6571,0.0,5897.0
2146,968,50,0.0,950.0
2147,968,465,0.0,4084.0
2148,968,1706,0.0,4161.0
2149,968,2898,0.0,715.0
2150,968,3464,0.0,4305.0
2151,968,3464,0.0,4305.0
2152,972,2908,0.0,440.0
2153,972,4838,0.0,94.0
2154,972,6392,1.0,41.0
2155,975,22,0.0,585.0
2156,975,43,0.0,281.0
2157,975,60,0.0,582.0
2158,975,97,1.0,15.0
2159,975,97,1.0,15.0
2160,975,422,0.0,5434.0
2161,975,661,1.0,3.0
2162,975,661,1.0,3.0
2163,975,721,0.0,12.0
2164,975,829,0.0,146.0
2165,975,830,0.0,27.0
2166,975,840,0.0,5310.0
2167,975,857,1.0,24.0
2168,975,864,0.0,312.0
2169,975,872,1.0,9.0
2170,975,872,1.0,9.0
2171,975,931,0.0,2162.0
2172,975,931,0.0,2162.0
2173,975,978,0.0,887.0
2174,975,1138,0.0,97.0
2175,975,1138,0.0,97.0
2176,975,1138,0.0,97.0
2177,975,1818,0.0,28.0
2178,975,2242,0.0,175.0
2179,975,2357,0.0,2819.0
2180,975,2357,0.0,2819.0
2181,975,2827,0.0,1423.0
2182,975,5160,0.0,3640.0
2183,975,6452,0.0,3339.0
2184,981,97,0.0,190.0
2185,981,456,0.0,457.0
2186,981,862,1.0,12.0
2187,981,2717,1.0,19.0
2188,981,3375,0.0,5694.0
2189,981,4940,1.0,5.0
2190,981,5400,1.0,37.0
2191,981,5779,0.0,2799.0
2192,981,6311,0.0,2641.0
2193,984,726,1.0,1.0
2194,985,119,0.0,3316.0
2195,985,856,0.0,371.0
2196,985,903,0.0,930.0
2197,985,920,0.0,282.0
2198,987,323,0.0,155.0
2199,987,659,0.0,29.0
2200,987,6170,0.0,6355.0
2201,991,726,1.0,1.0
2202,992,21,0.0,78.0
2203,992,698,0.0,782.0
2204,992,870,1.0,3.0
2205,992,870,1.0,3.0
2206,992,1435,0.0,977.0
2207,992,3521,0.0,3625.0
2208,992,6102,0.0,6051.0
2209,992,6148,0.0,4288.0
2210,993,42,0.0,33.0
2211,993,42,0.0,33.0
2212,993,195,0.0,530.0
2213,993,721,1.0,3.0
2214,993,721,1.0,3.0
2215,993,721,1.0,3.0
2216,993,721,1.0,3.0
2217,993,721,1.0,3.0
2218,993,721,1.0,3.0
2219,993,721,1.0,3.0
2220,993,721,1.0,3.0
2221,993,721,1.0,3.0
2222,993,721,1.0,3.0
2223,993,726,0.0,13.0
2224,993,726,0.0,13.0
2225,993,788,0.0,418.0
2226,993,1309,0.0,645.0
2227,993,2061,1.0,7.0
2228,993,3261,1.0,1.0
2229,993,3621,0.0,2215.0
2230,993,4229,0.0,1065.0
2231,993,4229,0.0,1065.0
2232,993,4413,0.0,2130.0
2233,993,5440,1.0,2.0
2234,993,5440,1.0,2.0
2235,993,5698,0.0,4868.0
2236,993,5828,0.0,4364.0
2237,995,233,0.0,370.0
2238,995,824,1.0,3.0
2239,995,1615,0.0,1616.0
2240,995,1672,0.0,348.0
2241,995,2219,1.0,1.0
2242,995,2805,0.0,106.0
2243,995,3994,0.0,2108.0
2244,995,4943,0.0,635.0
2245,995,5668,1.0,11.0
2246,995,5668,1.0,11.0
2247,995,5668,1.0,11.0
2248,995,5668,1.0,11.0
2249,995,5668,1.0,11.0
2250,995,5668,1.0,11.0
2251,995,5668,1.0,11.0
2252,995,5668,1.0,11.0
2253,995,5668,1.0,11.0
2254,995,5668,1.0,11.0
2255,995,5668,1.0,11.0
2256,995,5668,1.0,11.0
2257,995,5668,1.0,11.0
2258,995,6647,0.0,5672.0
2259,998,709,1.0,1.0
2260,998,847,0.0,142.0
2261,998,914,0.0,342.0
2262,998,3580,0.0,1838.0
2263,998,4188,0.0,556.0
2264,1003,243,0.0,2169.0
2265,1003,426,0.0,4580.0
2266,1003,679,0.0,770.0
2267,1003,881,0.0,82.0
2268,1003,1085,0.0,5285.0
2269,1003,2453,0.0,934.0
2270,1003,4149,0.0,2902.0
2271,1007,709,0.0,13.0
2272,1007,1109,0.0,6666.0
2273,1007,2045,0.0,1487.0
2274,1007,2140,0.0,599.0
2275,1007,2435,0.0,1967.0
2276,1007,3287,0.0,4638.0
2277,1013,1146,0.0,5148.0
2278,1013,1357,0.0,6160.0
2279,1013,1377,0.0,3975.0
2280,1013,3302,0.0,3482.0
2281,1013,3719,0.0,3149.0
2282,1013,4445,0.0,3091.0
2283,1013,6388,0.0,6292.0
2284,1016,371,1.0,2.0
2285,1016,371,1.0,2.0
2286,1016,371,1.0,2.0
2287,1016,371,1.0,2.0
2288,1016,371,1.0,2.0
2289,1016,743,0.0,85.0
2290,1016,4506,1.0,1.0
2291,1016,4506,1.0,1.0
2292,1016,4506,1.0,1.0
2293,1016,4506,1.0,1.0
2294,1016,4506,1.0,1.0
2295,1016,4506,1.0,1.0
2296,1016,4506,1.0,1.0
2297,1016,4506,1.0,1.0
2298,1016,4506,1.0,1.0
2299,1016,4506,1.0,1.0
2300,1016,4506,1.0,1.0
2301,1016,4506,1.0,1.0
2302,1016,4506,1.0,1.0
2303,1016,4506,1.0,1.0
2304,1016,4506,1.0,1.0
2305,1016,4506,1.0,1.0
2306,1016,4506,1.0,1.0
2307,1016,4506,1.0,1.0
2308,1023,721,0.0,15.0
2309,1023,740,0.0,181.0
2310,1023,853,0.0,335.0
2311,1023,1179,0.0,113.0
2312,1023,1327,0.0,1476.0
2313,1023,2021,0.0,21.0
2314,1023,3095,0.0,186.0
2315,1023,6045,0.0,117.0
2316,1023,6610,0.0,2999.0
2317,1024,311,0.0,1578.0
2318,1024,493,0.0,788.0
2319,1024,1562,0.0,787.0
2320,1024,1891,0.0,5009.0
2321,1024,6627,0.0,4034.0
2322,1026,168,0.0,3914.0
2323,1026,323,0.0,216.0
2324,1026,454,0.0,338.0
2325,1026,890,0.0,306.0
2326,1026,1323,0.0,385.0
2327,1026,1437,0.0,978.0
2328,1026,1603,0.0,787.0
2329,1026,1744,0.0,1630.0
2330,1026,2265,1.0,1.0
2331,1026,2265,1.0,1.0
2332,1026,2265,1.0,1.0
2333,1026,2265,1.0,1.0
2334,1026,2265,1.0,1.0
2335,1026,2265,1.0,1.0
2336,1026,2265,1.0,1.0
2337,1026,2265,1.0,1.0
2338,1026,2265,1.0,1.0
2339,1026,2265,1.0,1.0
2340,1026,2265,1.0,1.0
2341,1026,2265,1.0,1.0
2342,1026,2265,1.0,1.0
2343,1026,2265,1.0,1.0
2344,1026,2265,1.0,1.0
2345,1026,2265,1.0,1.0
2346,1026,2265,1.0,1.0
2347,1026,2265,1.0,1.0
2348,1026,2265,1.0,1.0
2349,1026,2265,1.0,1.0
2350,1026,2265,1.0,1.0
2351,1026,2265,1.0,1.0
2352,1026,2265,1.0,1.0
2353,1026,2265,1.0,1.0
2354,1026,2265,1.0,1.0
2355,1026,3004,0.0,2967.0
2356,1026,3004,0.0,2967.0
2357,1026,3004,0.0,2967.0
2358,1026,3004,0.0,2967.0
2359,1026,3004,0.0,2967.0
2360,1026,3004,0.0,2967.0
2361,1026,3004,0.0,2967.0
2362,1026,3004,0.0,2967.0
2363,1026,3018,0.0,499.0
2364,1026,3195,0.0,4134.0
2365,1026,3436,1.0,48.0
2366,1026,3436,1.0,48.0
2367,1026,4347,0.0,6006.0
2368,1026,5199,0.0,2859.0
2369,1026,5372,0.0,3471.0
2370,1026,5479,1.0,41.0
2371,1026,5479,1.0,41.0
2372,1026,5482,1.0,2.0
2373,1026,5482,1.0,2.0
2374,1026,5482,1.0,2.0
2375,1026,5482,1.0,2.0
2376,1026,5482,1.0,2.0
2377,1026,5482,1.0,2.0
2378,1026,5482,1.0,2.0
2379,1026,5482,1.0,2.0
2380,1026,5482,1.0,2.0
2381,1026,5482,1.0,2.0
2382,1026,5482,1.0,2.0
2383,1026,5482,1.0,2.0
2384,1026,5485,1.0,6.0
2385,1026,5485,1.0,6.0
2386,1026,5485,1.0,6.0
2387,1026,5488,1.0,11.0
2388,1026,5488,1.0,11.0
2389,1026,5918,0.0,6051.0
2390,1026,6075,0.0,6545.0
2391,1026,6412,1.0,3.0
2392,1026,6412,1.0,3.0
2393,1026,6412,1.0,3.0
2394,1026,6412,1.0,3.0
2395,1026,6412,1.0,3.0
2396,1026,6412,1.0,3.0
2397,1026,6412,1.0,3.0
2398,1026,6412,1.0,3.0
2399,1026,6412,1.0,3.0
2400,1026,6412,1.0,3.0
2401,1026,6412,1.0,3.0
2402,1026,6412,1.0,3.0
2403,1026,6413,1.0,5.0
2404,1026,6413,1.0,5.0
2405,1026,6413,1.0,5.0
2406,1026,6413,1.0,5.0
2407,1026,6413,1.0,5.0
2408,1027,5492,1.0,1.0
2409,1027,5492,1.0,1.0
2410,1030,272,0.0,3412.0
2411,1030,761,0.0,1372.0
2412,1030,1559,0.0,4742.0
2413,1030,2402,0.0,2202.0
2414,1030,5067,0.0,4994.0
2415,1030,5993,0.0,3122.0
2416,1030,6415,1.0,24.0
2417,1030,6415,1.0,24.0
2418,1030,6415,1.0,24.0
2419,1031,2441,1.0,1.0
2420,1031,2441,1.0,1.0
2421,1032,752,1.0,10.0
2422,1032,3847,0.0,5651.0
2423,1032,5656,0.0,3054.0
2424,1034,5013,1.0,18.0
2425,1042,3004,0.0,5637.0
2426,1045,1266,0.0,1561.0
2427,1050,661,1.0,3.0
2428,1050,1016,0.0,281.0
2429,1050,1665,0.0,4978.0
2430,1050,2657,0.0,3534.0
2431,1050,2685,0.0,4099.0
2432,1050,4979,0.0,4689.0
2433,1050,6299,0.0,5001.0
2434,1055,162,0.0,1190.0
2435,1055,723,1.0,6.0
2436,1055,5537,1.0,5.0
2437,1055,5537,1.0,5.0
2438,1055,5539,1.0,2.0
2439,1055,5539,1.0,2.0
2440,1060,184,0.0,689.0
2441,1060,5540,1.0,1.0
2442,1060,5540,1.0,1.0
2443,1062,659,0.0,12.0
2444,1062,721,0.0,11.0
2445,1062,1908,0.0,1455.0
2446,1066,5014,0.0,4662.0
2447,1066,6310,0.0,4469.0
2448,1068,21,0.0,61.0
2449,1068,25,1.0,3.0
2450,1068,661,0.0,9.0
2451,1068,720,0.0,34.0
2452,1068,3703,0.0,1325.0
2453,1068,5045,1.0,1.0
2454,1068,5045,1.0,1.0
2455,1068,5548,1.0,2.0
2456,1068,5548,1.0,2.0
2457,1068,5549,1.0,5.0
2458,1068,5549,1.0,5.0
2459,1072,832,0.0,37.0
2460,1076,166,0.0,389.0
2461,1076,2911,0.0,1146.0
2462,1077,661,1.0,6.0
2463,1077,661,1.0,6.0
2464,1077,661,1.0,6.0
2465,1077,726,1.0,1.0
2466,1077,726,1.0,1.0
2467,1077,726,1.0,1.0
2468,1077,5309,0.0,6051.0
2469,1085,27,1.0,32.0
2470,1085,28,0.0,111.0
2471,1085,260,0.0,276.0
2472,1085,721,0.0,5.0
2473,1085,1466,0.0,4552.0
2474,1086,21,0.0,144.0
2475,1086,27,0.0,482.0
2476,1086,69,0.0,539.0
2477,1086,148,0.0,4011.0
2478,1086,719,0.0,155.0
2479,1086,721,1.0,9.0
2480,1086,723,0.0,59.0
2481,1086,724,0.0,220.0
2482,1086,752,0.0,107.0
2483,1086,826,0.0,117.0
2484,1086,846,0.0,337.0
2485,1086,856,0.0,344.0
2486,1086,920,0.0,252.0
2487,1086,985,0.0,349.0
2488,1086,1848,0.0,189.0
2489,1086,2145,0.0,1139.0
2490,1086,3679,0.0,2482.0
2491,1086,4664,0.0,4414.0
2492,1086,5576,1.0,1.0
2493,1086,6176,0.0,4304.0
2494,1086,6470,0.0,5250.0
2495,1091,1313,1.0,1.0
2496,1091,1313,1.0,1.0
2497,1091,1313,1.0,1.0
2498,1092,5527,0.0,2870.0
2499,1093,1985,0.0,2701.0
2500,1093,2536,0.0,4133.0
2501,1093,2819,0.0,1710.0
2502,1093,5014,0.0,4651.0
2503,1093,6310,0.0,4315.0
2504,1096,5384,0.0,1026.0
2505,1099,673,0.0,152.0
2506,1100,80,0.0,1867.0
2507,1100,195,1.0,35.0
2508,1100,214,0.0,1750.0
2509,1100,635,0.0,329.0
2510,1100,661,0.0,11.0
2511,1100,715,0.0,525.0
2512,1100,832,1.0,7.0
2513,1100,832,1.0,7.0
2514,1100,991,0.0,3330.0
2515,1100,1150,0.0,68.0
2516,1100,1181,0.0,1714.0
2517,1100,1227,1.0,39.0
2518,1100,1955,0.0,1479.0
2519,1100,2237,0.0,2219.0
2520,1100,2641,1.0,6.0
2521,1100,2670,0.0,4687.0
2522,1100,3451,0.0,5323.0
2523,1100,3523,0.0,2653.0
2524,1100,3525,0.0,3450.0
2525,1100,3747,0.0,3087.0
2526,1100,3953,1.0,1.0
2527,1100,3953,1.0,1.0
2528,1100,3999,0.0,2983.0
2529,1100,4130,0.0,2895.0
2530,1100,4141,1.0,40.0
2531,1100,4199,0.0,4831.0
2532,1100,4354,0.0,371.0
2533,1100,4671,1.0,37.0
2534,1100,4771,0.0,1205.0
2535,1100,5119,0.0,6006.0
2536,1100,5273,0.0,464.0
2537,1100,5390,0.0,415.0
2538,1100,5391,0.0,492.0
2539,1100,5499,0.0,5397.0
2540,1100,5570,0.0,2962.0
2541,1100,5590,1.0,4.0
2542,1100,5594,1.0,2.0
2543,1100,5926,0.0,3100.0
2544,1100,6112,1.0,50.0
2545,1100,6326,0.0,497.0
2546,1100,6375,0.0,6644.0
2547,1100,6628,0.0,3130.0
2548,1100,6664,0.0,3085.0
2549,1104,18,1.0,3.0
2550,1104,18,1.0,3.0
2551,1104,25,1.0,2.0
2552,1104,25,1.0,2.0
2553,1104,25,1.0,2.0
2554,1104,25,1.0,2.0
2555,1104,25,1.0,2.0
2556,1104,25,1.0,2.0
2557,1104,28,0.0,102.0
2558,1104,75,0.0,69.0
2559,1104,659,0.0,32.0
2560,1104,661,1.0,10.0
2561,1104,666,1.0,5.0
2562,1104,666,1.0,5.0
2563,1104,752,0.0,48.0
2564,1104,1066,0.0,721.0
2565,1104,2021,1.0,11.0
2566,1104,2801,1.0,18.0
2567,1104,2805,1.0,1.0
2568,1104,2805,1.0,1.0
2569,1104,2805,1.0,1.0
2570,1104,2805,1.0,1.0
2571,1104,2805,1.0,1.0
2572,1104,2805,1.0,1.0
2573,1104,2805,1.0,1.0
2574,1104,3735,0.0,2928.0
2575,1104,3879,1.0,7.0
2576,1104,3879,1.0,7.0
2577,1104,5597,1.0,9.0
2578,1105,3731,0.0,3822.0
2579,1106,17,0.0,72.0
2580,1106,44,1.0,13.0
2581,1106,627,1.0,26.0
2582,1106,627,1.0,26.0
2583,1106,734,0.0,1154.0
2584,1106,744,0.0,114.0
2585,1106,784,0.0,2024.0
2586,1106,788,0.0,1501.0
2587,1106,870,0.0,129.0
2588,1106,870,0.0,129.0
2589,1106,1050,0.0,6567.0
2590,1106,1119,1.0,11.0
2591,1106,1119,1.0,11.0
2592,1106,1323,1.0,3.0
2593,1106,1600,0.0,1470.0
2594,1106,1674,0.0,578.0
2595,1106,1711,0.0,925.0
2596,1106,2799,0.0,1745.0
2597,1106,2832,1.0,1.0
2598,1106,2832,1.0,1.0
2599,1106,2832,1.0,1.0
2600,1106,2832,1.0,1.0
2601,1106,2832,1.0,1.0
2602,1106,2901,0.0,406.0
2603,1106,3015,0.0,289.0
2604,1106,3435,0.0,377.0
2605,1106,3520,0.0,1409.0
2606,1106,3810,0.0,1066.0
2607,1106,3813,1.0,4.0
2608,1106,3813,1.0,4.0
2609,1106,3968,0.0,5081.0
2610,1106,4267,0.0,5221.0
2611,1106,4317,0.0,3701.0
2612,1106,4317,0.0,3701.0
2613,1106,4332,0.0,5886.0
2614,1106,4524,0.0,4266.0
2615,1106,4667,0.0,2023.0
2616,1106,4969,0.0,6122.0
2617,1106,5207,0.0,935.0
2618,1106,5379,0.0,5492.0
2619,1106,5461,0.0,2739.0
2620,1106,5479,1.0,27.0
2621,1106,5479,1.0,27.0
2622,1106,5479,1.0,27.0
2623,1106,5479,1.0,27.0
2624,1106,5479,1.0,27.0
2625,1106,5638,0.0,3241.0
2626,1106,5642,0.0,2573.0
2627,1106,5842,0.0,3945.0
2628,1106,6190,0.0,1249.0
2629,1106,6201,0.0,5238.0
2630,1106,6312,0.0,2043.0
2631,1106,6359,0.0,1247.0
2632,1106,6439,1.0,32.0
2633,1106,6439,1.0,32.0
2634,1106,6439,1.0,32.0
2635,1106,6440,1.0,33.0
2636,1106,6440,1.0,33.0
2637,1106,6441,1.0,5.0
2638,1106,6441,1.0,5.0
2639,1106,6441,1.0,5.0
2640,1106,6441,1.0,5.0
2641,1106,6441,1.0,5.0
2642,1106,6441,1.0,5.0
2643,1106,6441,1.0,5.0
2644,1106,6441,1.0,5.0
2645,1106,6441,1.0,5.0
2646,1106,6441,1.0,5.0
2647,1106,6441,1.0,5.0
2648,1106,6441,1.0,5.0
2649,1106,6441,1.0,5.0
2650,1109,1127,0.0,69.0
2651,1109,6029,0.0,3072.0
2652,1109,6444,1.0,3.0
2653,1109,6586,0.0,6446.0
2654,1110,5601,1.0,1.0
2655,1112,726,1.0,1.0
2656,1114,16,1.0,12.0
2657,1114,20,0.0,26.0
2658,1114,41,0.0,38.0
2659,1114,41,0.0,38.0
2660,1114,42,0.0,29.0
2661,1114,77,0.0,33.0
2662,1114,83,1.0,20.0
2663,1114,96,0.0,1084.0
2664,1114,175,1.0,4.0
2665,1114,214,0.0,75.0
2666,1114,233,1.0,147.0
2667,1114,235,0.0,76.0
2668,1114,484,0.0,6126.0
2669,1114,618,1.0,84.0
2670,1114,641,1.0,14.0
2671,1114,661,1.0,2.0
2672,1114,664,0.0,270.0
2673,1114,715,0.0,1746.0
2674,1114,719,0.0,39.0
2675,1114,720,1.0,22.0
2676,1114,727,1.0,21.0
2677,1114,727,1.0,21.0
2678,1114,737,1.0,28.0
2679,1114,755,0.0,854.0
2680,1114,814,0.0,1317.0
2681,1114,822,1.0,32.0
2682,1114,823,0.0,224.0
2683,1114,824,1.0,7.0
2684,1114,951,0.0,277.0
2685,1114,1003,1.0,88.0
2686,1114,1086,1.0,160.0
2687,1114,1279,0.0,568.0
2688,1114,1310,0.0,979.0
2689,1114,1386,0.0,846.0
2690,1114,1450,0.0,1166.0
2691,1114,1575,0.0,454.0
2692,1114,1893,1.0,185.0
2693,1114,2121,0.0,3211.0
2694,1114,2219,1.0,31.0
2695,1114,2219,1.0,31.0
2696,1114,2219,1.0,31.0
2697,1114,2230,0.0,1093.0
2698,1114,2423,1.0,66.0
2699,1114,2600,1.0,267.0
2700,1114,2610,0.0,655.0
2701,1114,2610,0.0,655.0
2702,1114,2665,0.0,1724.0
2703,1114,2681,0.0,772.0
2704,1114,2911,0.0,1654.0
2705,1114,2963,0.0,402.0
2706,1114,3483,0.0,2823.0
2707,1114,3488,0.0,131.0
2708,1114,3529,0.0,1925.0
2709,1114,3562,0.0,2023.0
2710,1114,3599,0.0,2978.0
2711,1114,3807,0.0,3975.0
2712,1114,3815,0.0,3976.0
2713,1114,3833,0.0,4476.0
2714,1114,4046,0.0,3720.0
2715,1114,4046,0.0,3720.0
2716,1114,4111,0.0,1411.0
2717,1114,4181,0.0,1615.0
2718,1114,4181,0.0,1615.0
2719,1114,4181,0.0,1615.0
2720,1114,4181,0.0,1615.0
2721,1114,4211,0.0,5528.0
2722,1114,4230,0.0,5753.0
2723,1114,4232,1.0,800.0
2724,1114,4253,0.0,1092.0
2725,1114,4458,0.0,2111.0
2726,1114,4546,0.0,2186.0
2727,1114,4628,0.0,3900.0
2728,1114,4676,1.0,698.0
2729,1114,5025,0.0,3712.0
2730,1114,5177,0.0,2906.0
2731,1114,5273,0.0,336.0
2732,1114,5357,0.0,6475.0
2733,1114,5467,0.0,5478.0
2734,1114,5479,0.0,2753.0
2735,1114,5523,0.0,2836.0
2736,1114,5559,0.0,6492.0
2737,1114,5622,1.0,143.0
2738,1114,5648,1.0,1065.0
2739,1114,5979,0.0,5364.0
2740,1114,5983,0.0,4768.0
2741,1114,6047,0.0,5218.0
2742,1114,6110,0.0,2042.0
2743,1114,6110,0.0,2042.0
2744,1114,6110,0.0,2042.0
2745,1114,6268,0.0,1216.0
2746,1114,6345,0.0,5013.0
2747,1114,6382,0.0,4557.0
2748,1114,6454,1.0,1032.0
2749,1114,6459,1.0,1013.0
2750,1114,6554,0.0,4669.0
2751,1116,166,0.0,337.0
2752,1116,2786,0.0,167.0
2753,1116,3281,0.0,2791.0
2754,1118,175,1.0,3.0
2755,1118,175,1.0,3.0
2756,1118,458,0.0,4036.0
2757,1118,467,0.0,903.0
2758,1118,640,0.0,76.0
2759,1118,670,1.0,5.0
2760,1118,770,0.0,3685.0
2761,1118,824,1.0,4.0
2762,1118,909,1.0,7.0
2763,1118,987,0.0,2592.0
2764,1118,1145,0.0,4293.0
2765,1118,1314,0.0,848.0
2766,1118,1321,0.0,2309.0
2767,1118,2012,0.0,1435.0
2768,1118,2219,1.0,2.0
2769,1118,2219,1.0,2.0
2770,1118,2219,1.0,2.0
2771,1118,2219,1.0,2.0
2772,1118,2219,1.0,2.0
2773,1118,2219,1.0,2.0
2774,1118,2219,1.0,2.0
2775,1118,2219,1.0,2.0
2776,1118,2640,1.0,48.0
2777,1118,2640,1.0,48.0
2778,1118,2640,1.0,48.0
2779,1118,2757,1.0,29.0
2780,1118,2873,0.0,6375.0
2781,1118,3640,1.0,23.0
2782,1118,4669,0.0,6344.0
2783,1118,5372,0.0,6378.0
2784,1118,5460,0.0,2428.0
2785,1118,5657,1.0,1.0
2786,1118,5657,1.0,1.0
2787,1118,5657,1.0,1.0
2788,1118,5657,1.0,1.0
2789,1118,5657,1.0,1.0
2790,1118,5657,1.0,1.0
2791,1118,5830,1.0,40.0
2792,1118,6057,0.0,3791.0
2793,1118,6680,0.0,6354.0
2794,1122,719,1.0,21.0
2795,1122,726,0.0,1.0
2796,1122,2123,0.0,4495.0
2797,1122,2447,0.0,4881.0
2798,1122,2503,0.0,5840.0
2799,1122,2855,1.0,7.0
2800,1122,2855,1.0,7.0
2801,1122,2858,1.0,12.0
2802,1122,4286,0.0,2408.0
2803,1122,4289,1.0,65.0
2804,1122,4290,0.0,5316.0
2805,1122,4294,1.0,15.0
2806,1122,4297,0.0,2442.0
2807,1122,4301,1.0,64.0
2808,1122,4305,0.0,5305.0
2809,1122,4310,1.0,44.0
2810,1122,4314,0.0,4644.0
2811,1122,4557,1.0,53.0
2812,1122,5286,0.0,2776.0
2813,1122,5404,0.0,2994.0
2814,1122,5628,0.0,6094.0
2815,1122,5629,0.0,3833.0
2816,1122,6135,0.0,3014.0
2817,1122,6211,0.0,4643.0
2818,1122,6310,0.0,4316.0
2819,1122,6317,0.0,5219.0
2820,1122,6369,0.0,6017.0
2821,1122,6369,0.0,6017.0
2822,1122,6475,1.0,70.0
2823,1123,143,0.0,3737.0
2824,1123,1841,0.0,1959.0
2825,1123,3543,0.0,1591.0
2826,1124,18,0.0,37.0
2827,1124,85,0.0,464.0
2828,1124,355,0.0,429.0
2829,1124,659,1.0,2.0
2830,1124,2461,1.0,1.0
2831,1124,2461,1.0,1.0
2832,1124,2461,1.0,1.0
2833,1124,2461,1.0,1.0
2834,1124,2461,1.0,1.0
2835,1124,2461,1.0,1.0
2836,1124,2461,1.0,1.0
2837,1124,3640,0.0,125.0
2838,1124,4111,0.0,1635.0
2839,1124,6210,0.0,5027.0
2840,1124,6476,1.0,30.0
2841,1124,6476,1.0,30.0
2842,1128,16,1.0,36.0
2843,1128,17,1.0,8.0
2844,1128,17,1.0,8.0
2845,1128,17,1.0,8.0
2846,1128,17,1.0,8.0
2847,1128,18,1.0,24.0
2848,1128,18,1.0,24.0
2849,1128,18,1.0,24.0
2850,1128,25,1.0,31.0
2851,1128,25,1.0,31.0
2852,1128,27,1.0,139.0
2853,1128,35,1.0,123.0
2854,1128,35,1.0,123.0
2855,1128,118,0.0,1068.0
2856,1128,141,1.0,1.0
2857,1128,141,1.0,1.0
2858,1128,141,1.0,1.0
2859,1128,141,1.0,1.0
2860,1128,141,1.0,1.0
2861,1128,141,1.0,1.0
2862,1128,141,1.0,1.0
2863,1128,141,1.0,1.0
2864,1128,141,1.0,1.0
2865,1128,141,1.0,1.0
2866,1128,141,1.0,1.0
2867,1128,141,1.0,1.0
2868,1128,141,1.0,1.0
2869,1128,141,1.0,1.0
2870,1128,141,1.0,1.0
2871,1128,141,1.0,1.0
2872,1128,141,1.0,1.0
2873,1128,141,1.0,1.0
2874,1128,141,1.0,1.0
2875,1128,141,1.0,1.0
2876,1128,141,1.0,1.0
2877,1128,141,1.0,1.0
2878,1128,141,1.0,1.0
2879,1128,141,1.0,1.0
2880,1128,141,1.0,1.0
2881,1128,141,1.0,1.0
2882,1128,141,1.0,1.0
2883,1128,141,1.0,1.0
2884,1128,141,1.0,1.0
2885,1128,141,1.0,1.0
2886,1128,141,1.0,1.0
2887,1128,141,1.0,1.0
2888,1128,141,1.0,1.0
2889,1128,141,1.0,1.0
2890,1128,141,1.0,1.0
2891,1128,141,1.0,1.0
2892,1128,141,1.0,1.0
2893,1128,141,1.0,1.0
2894,1128,141,1.0,1.0
2895,1128,141,1.0,1.0
2896,1128,141,1.0,1.0
2897,1128,171,1.0,395.0
2898,1128,175,1.0,43.0
2899,1128,208,0.0,780.0
2900,1128,260,0.0,786.0
2901,1128,340,1.0,30.0
2902,1128,340,1.0,30.0
2903,1128,340,1.0,30.0
2904,1128,340,1.0,30.0
2905,1128,464,1.0,14.0
2906,1128,630,1.0,59.0
2907,1128,640,0.0,231.0
2908,1128,660,1.0,35.0
2909,1128,660,1.0,35.0
2910,1128,661,1.0,18.0
2911,1128,661,1.0,18.0
2912,1128,667,0.0,839.0
2913,1128,709,1.0,10.0
2914,1128,709,1.0,10.0
2915,1128,709,1.0,10.0
2916,1128,709,1.0,10.0
2917,1128,709,1.0,10.0
2918,1128,709,1.0,10.0
2919,1128,709,1.0,10.0
2920,1128,709,1.0,10.0
2921,1128,720,0.0,232.0
2922,1128,721,1.0,37.0
2923,1128,721,1.0,37.0
2924,1128,723,1.0,11.0
2925,1128,723,1.0,11.0
2926,1128,723,1.0,11.0
2927,1128,723,1.0,11.0
2928,1128,822,1.0,12.0
2929,1128,822,1.0,12.0
2930,1128,822,1.0,12.0
2931,1128,822,1.0,12.0
2932,1128,824,1.0,46.0
2933,1128,824,1.0,46.0
2934,1128,832,1.0,32.0
2935,1128,854,1.0,427.0
2936,1128,946,1.0,21.0
2937,1128,1118,1.0,23.0
2938,1128,1118,1.0,23.0
2939,1128,1160,1.0,152.0
2940,1128,1196,0.0,3246.0
2941,1128,1268,0.0,4138.0
2942,1128,1342,1.0,401.0
2943,1128,1478,1.0,55.0
2944,1128,1532,1.0,327.0
2945,1128,1549,1.0,13.0
2946,1128,1573,1.0,221.0
2947,1128,1607,1.0,354.0
2948,1128,1681,1.0,220.0
2949,1128,1688,0.0,2256.0
2950,1128,1746,0.0,3599.0
2951,1128,1751,0.0,709.0
2952,1128,1817,0.0,256.0
2953,1128,1818,0.0,71.0
2954,1128,1819,1.0,229.0
2955,1128,1819,1.0,229.0
2956,1128,1826,1.0,340.0
2957,1128,1842,0.0,1141.0
2958,1128,1848,0.0,559.0
2959,1128,1868,0.0,745.0
2960,1128,1876,1.0,369.0
2961,1128,1917,1.0,9.0
2962,1128,1917,1.0,9.0
2963,1128,1918,0.0,3097.0
2964,1128,1918,0.0,3097.0
2965,1128,2021,1.0,54.0
2966,1128,2021,1.0,54.0
2967,1128,2021,1.0,54.0
2968,1128,2021,1.0,54.0
2969,1128,2021,1.0,54.0
2970,1128,2021,1.0,54.0
2971,1128,2021,1.0,54.0
2972,1128,2063,1.0,81.0
2973,1128,2151,1.0,377.0
2974,1128,2217,0.0,3680.0
2975,1128,2288,1.0,357.0
2976,1128,2288,1.0,357.0
2977,1128,2418,1.0,112.0
2978,1128,2464,1.0,17.0
2979,1128,2464,1.0,17.0
2980,1128,2573,1.0,44.0
2981,1128,2574,1.0,25.0
2982,1128,2574,1.0,25.0
2983,1128,2574,1.0,25.0
2984,1128,2574,1.0,25.0
2985,1128,2574,1.0,25.0
2986,1128,2574,1.0,25.0
2987,1128,2574,1.0,25.0
2988,1128,2574,1.0,25.0
2989,1128,2574,1.0,25.0
2990,1128,2574,1.0,25.0
2991,1128,2574,1.0,25.0
2992,1128,2574,1.0,25.0
2993,1128,2574,1.0,25.0
2994,1128,2574,1.0,25.0
2995,1128,2574,1.0,25.0
2996,1128,2574,1.0,25.0
2997,1128,2574,1.0,25.0
2998,1128,2598,1.0,115.0
2999,1128,2598,1.0,115.0
3000,1128,2600,0.0,572.0
3001,1128,2616,1.0,6.0
3002,1128,2616,1.0,6.0
3003,1128,2616,1.0,6.0
3004,1128,2616,1.0,6.0
3005,1128,2616,1.0,6.0
3006,1128,2616,1.0,6.0
3007,1128,2616,1.0,6.0
3008,1128,2616,1.0,6.0
3009,1128,2616,1.0,6.0
3010,1128,2616,1.0,6.0
3011,1128,2616,1.0,6.0
3012,1128,2628,1.0,145.0
3013,1128,2629,1.0,3.0
3014,1128,2629,1.0,3.0
3015,1128,2629,1.0,3.0
3016,1128,2629,1.0,3.0
3017,1128,2629,1.0,3.0
3018,1128,2629,1.0,3.0
3019,1128,2629,1.0,3.0
3020,1128,2629,1.0,3.0
3021,1128,2629,1.0,3.0
3022,1128,2629,1.0,3.0
3023,1128,2629,1.0,3.0
3024,1128,2629,1.0,3.0
3025,1128,2644,1.0,174.0
3026,1128,2683,1.0,15.0
3027,1128,2704,0.0,3974.0
3028,1128,2715,1.0,96.0
3029,1128,2989,0.0,6508.0
3030,1128,2999,1.0,76.0
3031,1128,2999,1.0,76.0
3032,1128,2999,1.0,76.0
3033,1128,3096,0.0,4055.0
3034,1128,3115,0.0,1739.0
3035,1128,3126,0.0,4490.0
3036,1128,3285,1.0,215.0
3037,1128,3521,1.0,84.0
3038,1128,3521,1.0,84.0
3039,1128,3640,1.0,45.0
3040,1128,3640,1.0,45.0
3041,1128,3771,0.0,5686.0
3042,1128,3844,1.0,214.0
3043,1128,3997,1.0,371.0
3044,1128,3997,1.0,371.0
3045,1128,3997,1.0,371.0
3046,1128,4136,0.0,1563.0
3047,1128,4190,0.0,1550.0
3048,1128,4190,0.0,1550.0
3049,1128,4346,0.0,3187.0
3050,1128,4375,1.0,99.0
3051,1128,4493,0.0,4563.0
3052,1128,4514,0.0,5591.0
3053,1128,4519,1.0,22.0
3054,1128,4519,1.0,22.0
3055,1128,4519,1.0,22.0
3056,1128,4519,1.0,22.0
3057,1128,4519,1.0,22.0
3058,1128,4539,0.0,1724.0
3059,1128,4569,1.0,164.0
3060,1128,4569,1.0,164.0
3061,1128,4580,0.0,4113.0
3062,1128,4861,1.0,433.0
3063,1128,4861,1.0,433.0
3064,1128,5040,0.0,2960.0
3065,1128,5040,0.0,2960.0
3066,1128,5089,0.0,2060.0
3067,1128,5134,1.0,7.0
3068,1128,5134,1.0,7.0
3069,1128,5181,0.0,698.0
3070,1128,5218,1.0,307.0
3071,1128,5392,0.0,4778.0
3072,1128,5418,1.0,368.0
3073,1128,5464,0.0,1540.0
3074,1128,5465,1.0,133.0
3075,1128,5622,1.0,148.0
3076,1128,5680,1.0,20.0
3077,1128,5680,1.0,20.0
3078,1128,5686,1.0,205.0
3079,1128,5712,1.0,4.0
3080,1128,5712,1.0,4.0
3081,1128,5712,1.0,4.0
3082,1128,5712,1.0,4.0
3083,1128,5712,1.0,4.0
3084,1128,5712,1.0,4.0
3085,1128,5712,1.0,4.0
3086,1128,5712,1.0,4.0
3087,1128,5712,1.0,4.0
3088,1128,5712,1.0,4.0
3089,1128,5712,1.0,4.0
3090,1128,5712,1.0,4.0
3091,1128,5712,1.0,4.0
3092,1128,5712,1.0,4.0
3093,1128,5712,1.0,4.0
3094,1128,5712,1.0,4.0
3095,1128,5712,1.0,4.0
3096,1128,5712,1.0,4.0
3097,1128,5712,1.0,4.0
3098,1128,5712,1.0,4.0
3099,1128,5713,1.0,2.0
3100,1128,5713,1.0,2.0
3101,1128,5713,1.0,2.0
3102,1128,5713,1.0,2.0
3103,1128,5713,1.0,2.0
3104,1128,5714,1.0,5.0
3105,1128,5714,1.0,5.0
3106,1128,5714,1.0,5.0
3107,1128,5714,1.0,5.0
3108,1128,5714,1.0,5.0
3109,1128,5714,1.0,5.0
3110,1128,5716,1.0,66.0
3111,1128,5719,1.0,200.0
3112,1128,5719,1.0,200.0
3113,1128,5719,1.0,200.0
3114,1128,5719,1.0,200.0
3115,1128,5720,1.0,38.0
3116,1128,5728,1.0,107.0
3117,1128,5731,1.0,389.0
3118,1128,5732,1.0,64.0
3119,1128,5734,1.0,517.0
3120,1128,5743,1.0,42.0
3121,1128,5745,1.0,62.0
3122,1128,5748,1.0,509.0
3123,1128,5749,1.0,49.0
3124,1128,5754,1.0,60.0
3125,1128,6031,0.0,6016.0
3126,1128,6051,0.0,2323.0
3127,1128,6079,0.0,6131.0
3128,1128,6094,1.0,321.0
3129,1128,6098,0.0,1287.0
3130,1128,6098,0.0,1287.0
3131,1128,6110,0.0,3975.0
3132,1128,6110,0.0,3975.0
3133,1128,6245,1.0,390.0
3134,1128,6355,0.0,1414.0
3135,1128,6355,0.0,1414.0
3136,1128,6378,0.0,6480.0
3137,1128,6401,0.0,5991.0
3138,1128,6406,0.0,2136.0
3139,1128,6509,1.0,48.0
3140,1128,6513,1.0,519.0
3141,1128,6519,1.0,524.0
3142,1128,6523,1.0,485.0
3143,1128,6523,1.0,485.0
3144,1128,6581,0.0,6322.0
3145,1128,6581,0.0,6322.0
3146,1128,6581,0.0,6322.0
3147,1128,6581,0.0,6322.0
3148,1128,6581,0.0,6322.0
3149,1128,6581,0.0,6322.0
3150,1128,6581,0.0,6322.0
3151,1128,6581,0.0,6322.0
3152,1128,6581,0.0,6322.0
3153,1128,6581,0.0,6322.0
3154,1128,6581,0.0,6322.0
3155,1128,6581,0.0,6322.0
3156,1128,6581,0.0,6322.0
3157,1128,6581,0.0,6322.0
3158,1128,6581,0.0,6322.0
3159,1128,6581,0.0,6322.0
3160,1131,730,0.0,89.0
3161,1131,3146,0.0,1402.0
3162,1131,3146,0.0,1402.0
3163,1131,3282,0.0,3660.0
3164,1131,3371,0.0,1558.0
3165,1131,5393,1.0,1.0
3166,1131,5393,1.0,1.0
3167,1131,5393,1.0,1.0
3168,1131,5777,1.0,23.0
3169,1131,6321,0.0,5914.0
3170,1131,6548,1.0,25.0
3171,1134,673,0.0,150.0
3172,1134,705,0.0,3732.0
3173,1134,709,0.0,13.0
3174,1134,822,0.0,69.0
3175,1134,827,0.0,42.0
3176,1134,829,1.0,43.0
3177,1134,830,1.0,11.0
3178,1134,853,0.0,74.0
3179,1134,866,0.0,4800.0
3180,1134,1058,0.0,3676.0
3181,1134,1260,0.0,125.0
3182,1134,1621,0.0,88.0
3183,1134,1672,1.0,23.0
3184,1134,1753,0.0,2471.0
3185,1134,2244,0.0,508.0
3186,1134,2358,0.0,1398.0
3187,1134,2960,0.0,124.0
3188,1134,3105,0.0,2551.0
3189,1134,3369,0.0,2991.0
3190,1134,3441,0.0,2391.0
3191,1134,3742,0.0,1001.0
3192,1134,4512,0.0,5480.0
3193,1134,5131,0.0,2035.0
3194,1134,6043,0.0,3019.0
3195,1134,6047,0.0,3094.0
3196,1134,6409,0.0,4283.0
3197,1134,6447,0.0,4117.0
3198,1135,4602,0.0,1853.0
3199,1135,5098,0.0,6364.0
3200,1138,725,0.0,37.0
3201,1141,3874,0.0,6474.0
3202,1142,2857,0.0,206.0
3203,1142,3173,0.0,1911.0
3204,1142,4987,0.0,4831.0
3205,1142,5278,0.0,2052.0
3206,1142,5501,0.0,4044.0
3207,1142,5881,1.0,7.0
3208,1145,1773,0.0,2764.0
3209,1148,1202,0.0,3996.0
3210,1148,3580,0.0,582.0
3211,1149,661,0.0,6.0
3212,1149,726,1.0,1.0
3213,1149,1608,0.0,6168.0
3214,1152,2701,0.0,4971.0
3215,1152,3695,1.0,20.0
3216,1152,6552,1.0,25.0
3217,1153,75,0.0,309.0
3218,1153,192,0.0,441.0
3219,1153,496,0.0,4680.0
3220,1153,716,0.0,71.0
3221,1153,726,1.0,4.0
3222,1153,835,0.0,321.0
3223,1153,890,1.0,30.0
3224,1153,920,0.0,219.0
3225,1153,926,0.0,5242.0
3226,1153,1231,0.0,4743.0
3227,1153,2286,1.0,1.0
3228,1153,2286,1.0,1.0
3229,1153,2286,1.0,1.0
3230,1153,2497,1.0,34.0
3231,1153,2929,0.0,648.0
3232,1153,3368,0.0,1113.0
3233,1153,3368,0.0,1113.0
3234,1153,3381,0.0,5688.0
3235,1153,3905,0.0,1241.0
3236,1153,4040,0.0,5957.0
3237,1153,4439,0.0,5929.0
3238,1153,4462,1.0,23.0
3239,1153,5246,1.0,5.0
3240,1153,5246,1.0,5.0
3241,1153,5763,0.0,5848.0
3242,1153,5803,1.0,9.0
3243,1153,6326,0.0,498.0
3244,1153,6660,0.0,5966.0
3245,1154,727,0.0,47.0
3246,1154,4838,0.0,100.0
3247,1154,4890,0.0,6423.0
3248,1154,5804,1.0,1.0
3249,1154,5804,1.0,1.0
3250,1154,5804,1.0,1.0
3251,1154,5804,1.0,1.0
3252,1154,5804,1.0,1.0
3253,1154,5804,1.0,1.0
3254,1154,5804,1.0,1.0
3255,1154,5804,1.0,1.0
3256,1154,5804,1.0,1.0
3257,1154,5804,1.0,1.0
3258,1155,17,0.0,58.0
3259,1155,69,0.0,575.0
3260,1155,75,0.0,376.0
3261,1155,75,0.0,376.0
3262,1155,81,0.0,212.0
3263,1155,301,1.0,13.0
3264,1155,499,0.0,4392.0
3265,1155,740,0.0,788.0
3266,1155,761,0.0,1392.0
3267,1155,824,0.0,130.0
3268,1155,847,1.0,23.0
3269,1155,862,1.0,10.0
3270,1155,889,0.0,4183.0
3271,1155,920,0.0,294.0
3272,1155,1021,0.0,1022.0
3273,1155,1272,1.0,8.0
3274,1155,2800,0.0,4356.0
3275,1155,2872,1.0,25.0
3276,1155,3085,0.0,3593.0
3277,1155,3095,0.0,3266.0
3278,1155,3485,0.0,241.0
3279,1155,4036,0.0,5965.0
3280,1155,4509,0.0,5602.0
3281,1155,4677,0.0,5045.0
3282,1155,4937,0.0,6008.0
3283,1155,5162,1.0,125.0
3284,1155,5165,1.0,1.0
3285,1155,5329,0.0,1780.0
3286,1155,5553,0.0,3923.0
3287,1155,5765,0.0,5398.0
3288,1155,6182,0.0,695.0
3289,1155,6365,0.0,3086.0
3290,1156,413,0.0,4361.0
3291,1156,553,0.0,2235.0
3292,1156,3639,1.0,13.0
3293,1156,5816,1.0,1.0
3294,1157,25,0.0,20.0
3295,1157,4151,0.0,5650.0
3296,1157,6362,0.0,6124.0
3297,1159,138,0.0,68.0
3298,1159,696,0.0,1321.0
3299,1159,1765,0.0,4767.0
3300,1159,2021,0.0,18.0
3301,1159,4642,0.0,6134.0
3302,1164,11,1.0,49.0
3303,1164,29,0.0,216.0
3304,1164,67,1.0,3.0
3305,1164,67,1.0,3.0
3306,1164,67,1.0,3.0
3307,1164,67,1.0,3.0
3308,1164,184,0.0,772.0
3309,1164,251,1.0,37.0
3310,1164,607,0.0,362.0
3311,1164,763,0.0,3661.0
3312,1164,1032,1.0,20.0
3313,1164,1032,1.0,20.0
3314,1164,1135,0.0,554.0
3315,1164,1757,0.0,857.0
3316,1164,2323,0.0,3413.0
3317,1164,2577,1.0,2.0
3318,1164,2577,1.0,2.0
3319,1164,2577,1.0,2.0
3320,1164,2870,1.0,1.0
3321,1164,2870,1.0,1.0
3322,1164,2870,1.0,1.0
3323,1164,2870,1.0,1.0
3324,1164,2870,1.0,1.0
3325,1164,2897,0.0,3865.0
3326,1164,3802,0.0,5211.0
3327,1164,3870,0.0,6038.0
3328,1164,3984,0.0,4842.0
3329,1164,4432,0.0,1265.0
3330,1164,4601,0.0,3950.0
3331,1164,5832,1.0,56.0
3332,1164,5837,1.0,8.0
3333,1164,5837,1.0,8.0
3334,1164,6218,0.0,5108.0
3335,1164,6310,0.0,771.0
3336,1164,6569,1.0,58.0
3337,1164,6569,1.0,58.0
3338,1168,41,1.0,21.0
3339,1168,175,1.0,4.0
3340,1168,641,1.0,13.0
3341,1168,1180,1.0,24.0
3342,1168,1202,0.0,3996.0
3343,1168,1202,0.0,3996.0
3344,1168,1286,0.0,3675.0
3345,1168,1313,1.0,1.0
3346,1168,1313,1.0,1.0
3347,1168,1313,1.0,1.0
3348,1168,1313,1.0,1.0
3349,1168,1313,1.0,1.0
3350,1168,1313,1.0,1.0
3351,1168,1313,1.0,1.0
3352,1168,1313,1.0,1.0
3353,1168,1313,1.0,1.0
3354,1168,1313,1.0,1.0
3355,1168,1322,1.0,19.0
3356,1168,1386,0.0,3871.0
3357,1168,1393,0.0,4465.0
3358,1168,1636,0.0,2007.0
3359,1168,2420,0.0,3453.0
3360,1168,2654,0.0,1603.0
3361,1168,2805,0.0,1694.0
3362,1168,2899,0.0,3933.0
3363,1168,2999,0.0,1625.0
3364,1168,3020,0.0,4427.0
3365,1168,3488,1.0,51.0
3366,1168,3703,0.0,3775.0
3367,1168,3805,0.0,4035.0
3368,1168,4172,0.0,4673.0
3369,1168,4204,1.0,2.0
3370,1168,4204,1.0,2.0
3371,1168,4204,1.0,2.0
3372,1168,4204,1.0,2.0
3373,1168,4204,1.0,2.0
3374,1168,4479,0.0,1451.0
3375,1168,5292,1.0,12.0
3376,1168,5297,1.0,9.0
3377,1168,5840,1.0,17.0
3378,1168,5840,1.0,17.0
3379,1168,5840,1.0,17.0
3380,1168,5843,1.0,5.0
3381,1168,5843,1.0,5.0
3382,1168,5846,1.0,7.0
3383,1168,5904,0.0,3025.0
3384,1168,5906,1.0,15.0
3385,1168,5908,0.0,1918.0
3386,1168,5908,0.0,1918.0
3387,1168,5908,0.0,1918.0
3388,1168,5908,0.0,1918.0
3389,1168,5908,0.0,1918.0
3390,1168,5908,0.0,1918.0
3391,1170,726,1.0,1.0
3392,1170,726,1.0,1.0
3393,1170,726,1.0,1.0
3394,1170,726,1.0,1.0
3395,1170,738,0.0,125.0
3396,1170,822,1.0,12.0
3397,1170,837,0.0,3428.0
3398,1170,841,0.0,1831.0
3399,1170,2599,0.0,3650.0
3400,1170,3033,0.0,3643.0
3401,1170,3252,0.0,5809.0
3402,1170,3782,0.0,5033.0
3403,1170,4111,0.0,1002.0
3404,1170,4226,0.0,2298.0
3405,1170,4248,1.0,29.0
3406,1170,5849,1.0,47.0
3407,1170,6572,1.0,8.0
3408,1170,6572,1.0,8.0
3409,1173,209,0.0,1854.0
3410,1173,3876,0.0,1350.0
3411,1173,4892,0.0,2765.0
3412,1173,5463,0.0,195.0
3413,1175,25,0.0,28.0
3414,1175,80,0.0,116.0
3415,1175,366,0.0,1027.0
3416,1175,821,0.0,1812.0
3417,1175,835,0.0,138.0
3418,1175,837,1.0,1.0
3419,1175,837,1.0,1.0
3420,1175,957,0.0,1876.0
3421,1175,1012,0.0,842.0
3422,1175,1855,0.0,3683.0
3423,1175,2021,0.0,35.0
3424,1175,3060,0.0,2290.0
3425,1175,3542,0.0,510.0
3426,1175,4095,0.0,3016.0
3427,1175,4394,1.0,14.0
3428,1175,4722,0.0,3948.0
3429,1176,16,1.0,3.0
3430,1176,77,0.0,52.0
3431,1176,660,1.0,4.0
3432,1176,739,0.0,322.0
3433,1176,968,0.0,95.0
3434,1176,2034,0.0,3173.0
3435,1176,2823,0.0,1269.0
3436,1177,2363,1.0,1.0
3437,1177,2363,1.0,1.0
3438,1177,2946,0.0,1498.0
3439,1177,5853,0.0,4708.0
3440,1177,6064,0.0,6651.0
3441,1179,818,0.0,3519.0
3442,1179,1890,0.0,2282.0
3443,1179,2021,0.0,28.0
3444,1179,4242,1.0,5.0
3445,1179,4242,1.0,5.0
3446,1181,116,0.0,222.0
3447,1181,664,0.0,84.0
3448,1181,5856,1.0,2.0
3449,1181,5856,1.0,2.0
3450,1181,5856,1.0,2.0
3451,1181,5856,1.0,2.0
3452,1181,6113,0.0,6269.0
3453,1181,6312,0.0,4689.0
3454,1185,25,1.0,4.0
3455,1185,673,0.0,222.0
3456,1185,721,0.0,5.0
3457,1185,3152,0.0,2001.0
3458,1185,5208,0.0,437.0
3459,1188,659,0.0,38.0
3460,1194,175,0.0,66.0
3461,1194,250,0.0,3677.0
3462,1194,272,0.0,225.0
3463,1194,354,0.0,1792.0
3464,1194,467,0.0,200.0
3465,1194,719,1.0,18.0
3466,1194,723,1.0,6.0
3467,1194,900,0.0,111.0
3468,1194,2584,0.0,3930.0
3469,1194,2749,0.0,1339.0
3470,1194,2811,1.0,37.0
3471,1194,2811,1.0,37.0
3472,1194,3438,1.0,12.0
3473,1194,3735,0.0,272.0
3474,1194,5039,0.0,5209.0
3475,1194,6582,1.0,62.0
3476,1195,55,0.0,3687.0
3477,1195,83,0.0,76.0
3478,1195,640,0.0,86.0
3479,1195,640,0.0,86.0
3480,1195,689,1.0,1.0
3481,1195,689,1.0,1.0
3482,1195,3487,1.0,21.0
3483,1195,3487,1.0,21.0
3484,1195,4189,0.0,3345.0
3485,1195,4495,0.0,1562.0
3486,1195,5633,0.0,2522.0
3487,1200,659,1.0,1.0
3488,1200,952,0.0,1698.0
3489,1200,1961,1.0,6.0
3490,1200,2720,0.0,4329.0
3491,1200,2769,0.0,1898.0
3492,1200,3019,0.0,1217.0
3493,1200,4378,0.0,499.0
3494,1200,4865,0.0,3346.0
3495,1200,5152,0.0,6393.0
3496,1200,6665,0.0,3296.0
3497,1201,18,0.0,20.0
3498,1201,2021,0.0,27.0
3499,1201,2132,1.0,7.0
3500,1201,4514,0.0,5620.0
3501,1201,5040,0.0,3073.0
3502,1201,6175,1.0,1.0
3503,1201,6175,1.0,1.0
3504,1203,16,0.0,16.0
3505,1203,2443,0.0,586.0
3506,1203,3515,0.0,1783.0
3507,1203,4057,0.0,1822.0
3508,1203,4849,1.0,1.0
3509,1203,5479,0.0,1683.0
3510,1203,5479,0.0,1683.0
3511,1203,5798,1.0,10.0
3512,1206,727,0.0,23.0
3513,1212,25,1.0,1.0
3514,1212,25,1.0,1.0
3515,1212,25,1.0,1.0
3516,1212,25,1.0,1.0
3517,1212,673,0.0,139.0
3518,1212,2213,0.0,911.0
3519,1212,5273,1.0,12.0
3520,1212,5273,1.0,12.0
3521,1212,5877,1.0,4.0
3522,1214,201,0.0,329.0
3523,1214,201,0.0,329.0
3524,1214,351,0.0,397.0
3525,1214,453,0.0,290.0
3526,1214,481,0.0,235.0
3527,1214,661,0.0,8.0
3528,1214,726,1.0,1.0
3529,1214,726,1.0,1.0
3530,1214,726,1.0,1.0
3531,1214,1237,0.0,5628.0
3532,1214,1237,0.0,5628.0
3533,1214,1800,0.0,2581.0
3534,1214,2025,0.0,3423.0
3535,1214,2540,0.0,4189.0
3536,1214,2540,0.0,4189.0
3537,1214,2540,0.0,4189.0
3538,1214,2744,0.0,749.0
3539,1214,5541,0.0,3335.0
3540,1214,5541,0.0,3335.0
3541,1215,1326,0.0,1154.0
3542,1215,3057,0.0,302.0
3543,1215,5888,1.0,108.0
3544,1215,5974,1.0,91.0
3545,1215,6192,0.0,1279.0
3546,1217,455,0.0,2011.0
3547,1217,726,0.0,21.0
3548,1217,1302,0.0,972.0
3549,1217,3434,0.0,445.0
3550,1217,4090,0.0,866.0
3551,1217,4253,0.0,1037.0
3552,1217,4587,1.0,13.0
3553,1217,4587,1.0,13.0
3554,1217,4587,1.0,13.0
3555,1217,4587,1.0,13.0
3556,1217,5013,0.0,4082.0
3557,1217,5599,1.0,18.0
3558,1217,5873,0.0,655.0
3559,1217,6587,1.0,1.0
3560,1222,4594,0.0,4704.0
3561,1224,16,1.0,3.0
3562,1224,737,0.0,48.0
3563,1224,1765,0.0,1418.0
3564,1224,1904,1.0,1.0
3565,1224,1904,1.0,1.0
3566,1224,1904,1.0,1.0
3567,1224,1904,1.0,1.0
3568,1224,2257,0.0,187.0
3569,1224,2588,0.0,1342.0
3570,1224,3573,0.0,2020.0
3571,1224,4118,0.0,6281.0
3572,1227,41,0.0,83.0
3573,1227,255,1.0,13.0
3574,1227,1170,0.0,882.0
3575,1227,1241,0.0,5676.0
3576,1227,1313,1.0,21.0
3577,1227,1321,0.0,2295.0
3578,1227,1322,1.0,35.0
3579,1227,1322,1.0,35.0
3580,1227,1322,1.0,35.0
3581,1227,1386,0.0,3856.0
3582,1227,2654,0.0,1604.0
3583,1227,2899,0.0,3930.0
3584,1227,3020,0.0,4356.0
3585,1227,3805,0.0,4034.0
3586,1227,4204,1.0,1.0
3587,1227,4204,1.0,1.0
3588,1227,4204,1.0,1.0
3589,1227,4204,1.0,1.0
3590,1227,4204,1.0,1.0
3591,1227,4204,1.0,1.0
3592,1227,5292,1.0,10.0
3593,1227,5843,1.0,34.0
3594,1227,5843,1.0,34.0
3595,1227,5843,1.0,34.0
3596,1227,6576,0.0,3058.0
3597,1233,3746,0.0,53.0
3598,1234,41,1.0,1.0
3599,1234,195,0.0,1853.0
3600,1234,302,0.0,1796.0
3601,1234,357,0.0,5740.0
3602,1234,790,1.0,57.0
3603,1234,1152,0.0,443.0
3604,1234,1213,0.0,1662.0
3605,1234,1225,0.0,2219.0
3606,1234,1571,0.0,1219.0
3607,1234,3566,0.0,1894.0
3608,1234,3762,1.0,66.0
3609,1234,4634,1.0,2.0
3610,1235,709,1.0,1.0
3611,1235,709,1.0,1.0
3612,1235,709,1.0,1.0
3613,1235,709,1.0,1.0
3614,1235,709,1.0,1.0
3615,1235,709,1.0,1.0
3616,1235,709,1.0,1.0
3617,1235,709,1.0,1.0
3618,1235,709,1.0,1.0
3619,1235,709,1.0,1.0
3620,1235,709,1.0,1.0
3621,1235,709,1.0,1.0
3622,1235,709,1.0,1.0
3623,1235,709,1.0,1.0
3624,1235,709,1.0,1.0
3625,1235,709,1.0,1.0
3626,1235,709,1.0,1.0
3627,1235,709,1.0,1.0
3628,1235,709,1.0,1.0
3629,1235,709,1.0,1.0
3630,1235,709,1.0,1.0
3631,1235,709,1.0,1.0
3632,1235,709,1.0,1.0
3633,1235,709,1.0,1.0
3634,1235,709,1.0,1.0
3635,1235,709,1.0,1.0
3636,1235,709,1.0,1.0
3637,1235,721,1.0,3.0
3638,1235,864,0.0,3564.0
3639,1235,917,0.0,1719.0
3640,1235,6242,0.0,3720.0
3641,1236,38,0.0,443.0
3642,1236,77,1.0,5.0
3643,1236,77,1.0,5.0
3644,1236,77,1.0,5.0
3645,1236,77,1.0,5.0
3646,1236,158,0.0,3719.0
3647,1236,235,0.0,250.0
3648,1236,726,1.0,3.0
3649,1236,909,0.0,4428.0
3650,1236,2574,0.0,721.0
3651,1236,2857,0.0,227.0
3652,1236,6408,0.0,6103.0
3653,1238,33,1.0,2.0
3654,1238,33,1.0,2.0
3655,1238,33,1.0,2.0
3656,1238,33,1.0,2.0
3657,1238,33,1.0,2.0
3658,1238,61,0.0,2116.0
3659,1238,77,1.0,1.0
3660,1238,77,1.0,1.0
3661,1238,77,1.0,1.0
3662,1238,77,1.0,1.0
3663,1238,77,1.0,1.0
3664,1238,77,1.0,1.0
3665,1238,77,1.0,1.0
3666,1238,77,1.0,1.0
3667,1238,175,0.0,52.0
3668,1238,579,0.0,448.0
3669,1238,1150,1.0,11.0
3670,1238,1455,1.0,3.0
3671,1238,1455,1.0,3.0
3672,1238,1455,1.0,3.0
3673,1238,1455,1.0,3.0
3674,1238,1455,1.0,3.0
3675,1238,1455,1.0,3.0
3676,1238,3123,0.0,1580.0
3677,1238,3382,0.0,2470.0
3678,1238,3993,0.0,574.0
3679,1238,4894,0.0,6417.0
3680,1238,5922,1.0,45.0
3681,1239,710,1.0,26.0
3682,1239,824,0.0,43.0
3683,1239,5369,0.0,6394.0
3684,1243,640,0.0,649.0
3685,1243,759,1.0,5.0
3686,1243,862,1.0,12.0
3687,1243,1179,0.0,122.0
3688,1243,5145,1.0,20.0
3689,1253,6427,0.0,6137.0
3690,1254,2387,0.0,3571.0
3691,1262,673,0.0,133.0
3692,1262,5950,1.0,1.0
3693,1263,77,1.0,7.0
3694,1263,793,0.0,2240.0
3695,1263,1894,1.0,11.0
3696,1263,1901,0.0,1376.0
3697,1263,1932,0.0,5837.0
3698,1263,6563,1.0,17.0
3699,1266,726,1.0,2.0
3700,1266,865,0.0,107.0
3701,1266,1340,0.0,3491.0
3702,1266,4597,0.0,609.0
3703,1266,4964,0.0,4947.0
3704,1267,1308,0.0,1827.0
3705,1267,6566,0.0,1155.0
3706,1272,303,0.0,804.0
3707,1272,439,0.0,2488.0
3708,1272,709,0.0,8.0
3709,1272,885,0.0,1408.0
3710,1272,1792,0.0,259.0
3711,1272,1869,0.0,1659.0
3712,1274,456,0.0,1438.0
3713,1274,4188,0.0,3496.0
3714,1275,234,1.0,3.0
3715,1275,234,1.0,3.0
3716,1275,234,1.0,3.0
3717,1275,234,1.0,3.0
3718,1275,234,1.0,3.0
3719,1275,234,1.0,3.0
3720,1275,234,1.0,3.0
3721,1275,419,0.0,2842.0
3722,1275,1811,1.0,2.0
3723,1275,1811,1.0,2.0
3724,1276,661,1.0,7.0
3725,1280,547,0.0,1545.0
3726,1280,732,1.0,2.0
3727,1281,1913,0.0,213.0
3728,1281,3657,0.0,1512.0
3729,1281,4188,0.0,1090.0
3730,1282,5541,0.0,6133.0
3731,1286,229,0.0,657.0
3732,1286,1194,0.0,2027.0
3733,1286,3461,0.0,6347.0
3734,1289,42,0.0,45.0
3735,1289,93,0.0,3592.0
3736,1289,636,0.0,516.0
3737,1289,648,0.0,418.0
3738,1289,720,0.0,46.0
3739,1289,726,1.0,5.0
3740,1289,862,0.0,51.0
3741,1289,862,0.0,51.0
3742,1289,1487,0.0,391.0
3743,1289,2021,0.0,34.0
3744,1289,2299,1.0,22.0
3745,1289,2349,0.0,2321.0
3746,1289,2667,0.0,1925.0
3747,1289,2817,0.0,3896.0
3748,1289,2895,0.0,2336.0
3749,1289,3525,0.0,883.0
3750,1289,4072,0.0,4042.0
3751,1289,5891,0.0,5909.0
3752,1289,5967,1.0,4.0
3753,1289,5967,1.0,4.0
3754,1289,6391,0.0,6356.0
3755,1289,6435,0.0,6157.0
3756,1290,16,0.0,61.0
3757,1290,20,0.0,68.0
3758,1290,34,0.0,564.0
3759,1290,75,0.0,647.0
3760,1290,128,1.0,2.0
3761,1290,128,1.0,2.0
3762,1290,128,1.0,2.0
3763,1290,175,1.0,3.0
3764,1290,236,0.0,678.0
3765,1290,389,1.0,49.0
3766,1290,725,0.0,81.0
3767,1290,1461,0.0,2142.0
3768,1290,1486,0.0,1892.0
3769,1290,1553,1.0,37.0
3770,1290,1710,0.0,2227.0
3771,1290,1925,0.0,3751.0
3772,1290,2711,0.0,102.0
3773,1290,2810,0.0,3451.0
3774,1290,3081,0.0,2056.0
3775,1290,3085,1.0,12.0
3776,1290,3109,0.0,4194.0
3777,1290,3337,0.0,2360.0
3778,1290,4181,0.0,2220.0
3779,1290,4254,0.0,3070.0
3780,1290,4283,0.0,5884.0
3781,1290,4675,0.0,2670.0
3782,1290,4683,1.0,44.0
3783,1290,5066,0.0,3178.0
3784,1290,5083,0.0,6423.0
3785,1290,5182,0.0,6306.0
3786,1290,5615,0.0,3254.0
3787,1290,5915,0.0,3035.0
3788,1290,5916,0.0,3040.0
3789,1290,5916,0.0,3040.0
3790,1290,5968,1.0,10.0
3791,1290,5968,1.0,10.0
3792,1290,5968,1.0,10.0
3793,1290,6133,0.0,3309.0
3794,1290,6494,0.0,6223.0
3795,1290,6635,1.0,54.0
3796,1290,6638,1.0,14.0
3797,1290,6640,1.0,13.0
3798,1292,20,0.0,29.0
3799,1292,175,0.0,9.0
3800,1292,303,0.0,1831.0
3801,1292,875,0.0,917.0
3802,1292,884,1.0,37.0
3803,1292,971,1.0,44.0
3804,1292,1060,1.0,46.0
3805,1292,2021,1.0,2.0
3806,1292,2678,0.0,3508.0
3807,1292,4471,0.0,4023.0
3808,1292,4882,0.0,567.0
3809,1292,6616,0.0,5201.0
3810,1293,1326,0.0,1195.0
3811,1293,3057,0.0,234.0
3812,1294,3000,1.0,14.0
3813,1295,2366,0.0,86.0
3814,1295,6047,0.0,2098.0
3815,1304,14,0.0,3449.0
3816,1304,72,0.0,3460.0
3817,1304,102,0.0,2695.0
3818,1304,190,0.0,3409.0
3819,1304,661,1.0,1.0
3820,1304,661,1.0,1.0
3821,1304,661,1.0,1.0
3822,1304,661,1.0,1.0
3823,1304,661,1.0,1.0
3824,1304,661,1.0,1.0
3825,1304,726,0.0,37.0
3826,1304,727,1.0,4.0
3827,1304,872,1.0,3.0
3828,1304,1252,0.0,1792.0
3829,1304,1530,0.0,193.0
3830,1304,1702,0.0,4834.0
3831,1304,1746,0.0,3891.0
3832,1304,1818,0.0,53.0
3833,1304,2170,0.0,3600.0
3834,1304,2510,0.0,3644.0
3835,1304,2638,0.0,3874.0
3836,1304,2805,0.0,1677.0
3837,1304,3092,0.0,4513.0
3838,1304,3707,0.0,3793.0
3839,1304,3747,0.0,6041.0
3840,1304,4552,1.0,2.0
3841,1304,4552,1.0,2.0
3842,1304,4552,1.0,2.0
3843,1304,4552,1.0,2.0
3844,1304,4893,0.0,6423.0
3845,1304,5868,1.0,30.0
3846,1304,5946,0.0,5657.0
3847,1304,6648,0.0,6514.0
3848,1305,6310,0.0,4467.0
3849,1308,3434,0.0,397.0
3850,1312,18,0.0,18.0
3851,1312,6310,0.0,774.0
3852,1316,20,0.0,46.0
3853,1316,20,0.0,46.0
3854,1316,20,0.0,46.0
3855,1316,42,1.0,1.0
3856,1316,42,1.0,1.0
3857,1316,42,1.0,1.0
3858,1316,42,1.0,1.0
3859,1316,42,1.0,1.0
3860,1316,42,1.0,1.0
3861,1316,42,1.0,1.0
3862,1316,42,1.0,1.0
3863,1316,42,1.0,1.0
3864,1316,42,1.0,1.0
3865,1316,42,1.0,1.0
3866,1316,42,1.0,1.0
3867,1316,42,1.0,1.0
3868,1316,42,1.0,1.0
3869,1316,342,0.0,348.0
3870,1316,594,0.0,191.0
3871,1316,636,0.0,523.0
3872,1316,641,0.0,47.0
3873,1316,732,1.0,11.0
3874,1316,732,1.0,11.0
3875,1316,737,0.0,73.0
3876,1316,822,0.0,100.0
3877,1316,1016,0.0,132.0
3878,1316,1252,0.0,1789.0
3879,1316,2276,0.0,1302.0
3880,1316,2377,1.0,9.0
3881,1316,2534,0.0,1442.0
3882,1316,2555,0.0,1685.0
3883,1316,2651,0.0,3633.0
3884,1316,2763,1.0,33.0
3885,1316,2897,0.0,3844.0
3886,1316,2897,0.0,3844.0
3887,1316,3015,0.0,1964.0
3888,1316,3251,0.0,1348.0
3889,1316,3556,0.0,291.0
3890,1316,3562,0.0,822.0
3891,1316,4026,0.0,947.0
3892,1316,4070,0.0,4095.0
3893,1316,4074,0.0,1826.0
3894,1316,4074,0.0,1826.0
3895,1316,4169,0.0,5427.0
3896,1316,4204,1.0,13.0
3897,1316,4204,1.0,13.0
3898,1316,4204,1.0,13.0
3899,1316,4229,1.0,27.0
3900,1316,4321,0.0,1721.0
3901,1316,4340,0.0,2563.0
3902,1316,4410,1.0,2.0
3903,1316,4410,1.0,2.0
3904,1316,4641,1.0,4.0
3905,1316,4928,0.0,3878.0
3906,1316,5202,0.0,5998.0
3907,1316,5378,0.0,1039.0
3908,1316,5468,1.0,3.0
3909,1316,5468,1.0,3.0
3910,1316,5468,1.0,3.0
3911,1316,5653,0.0,3386.0
3912,1316,6047,0.0,1895.0
3913,1318,3281,0.0,2535.0
3914,1318,5683,0.0,5809.0
3915,1323,858,0.0,827.0
3916,1324,248,1.0,2.0
3917,1324,248,1.0,2.0
3918,1324,4006,0.0,2473.0
3919,1324,4141,0.0,1235.0
3920,1324,6002,1.0,1.0
3921,1324,6002,1.0,1.0
3922,1324,6002,1.0,1.0
3923,1328,390,0.0,857.0
3924,1328,628,0.0,504.0
3925,1328,641,0.0,26.0
3926,1328,709,1.0,1.0
3927,1328,1584,0.0,4016.0
3928,1328,2140,0.0,4234.0
3929,1328,4214,0.0,2999.0
3930,1331,1645,0.0,2689.0
3931,1332,794,0.0,410.0
3932,1334,38,0.0,222.0
3933,1334,260,1.0,1.0
3934,1334,260,1.0,1.0
3935,1334,431,0.0,4656.0
3936,1334,670,0.0,120.0
3937,1334,721,0.0,29.0
3938,1334,726,1.0,2.0
3939,1334,865,1.0,16.0
3940,1334,1179,0.0,425.0
3941,1334,1716,0.0,4089.0
3942,1334,1784,0.0,1688.0
3943,1334,2642,0.0,5741.0
3944,1334,3000,0.0,716.0
3945,1334,5188,0.0,6402.0
3946,1334,5432,1.0,4.0
3947,1334,6009,1.0,28.0
3948,1337,1376,0.0,304.0
3949,1337,2801,0.0,66.0
3950,1337,5820,0.0,3312.0
3951,1337,6010,1.0,1.0
3952,1337,6630,1.0,2.0
3953,1340,195,0.0,920.0
3954,1340,1394,0.0,3970.0
3955,1340,1672,0.0,1447.0
3956,1340,2999,0.0,300.0
3957,1340,3057,0.0,1621.0
3958,1340,4778,0.0,2400.0
3959,1340,5559,0.0,6036.0
3960,1340,6156,0.0,4803.0
3961,1340,6410,0.0,6524.0
3962,1341,5203,0.0,6083.0
3963,1342,16,0.0,16.0
3964,1342,1672,0.0,175.0
3965,1342,4235,0.0,5698.0
3966,1342,4399,0.0,955.0
3967,1342,5073,0.0,4303.0
3968,1342,5487,0.0,487.0
3969,1342,6671,1.0,7.0
3970,1342,6671,1.0,7.0
3971,1343,242,0.0,375.0
3972,1343,242,0.0,375.0
3973,1343,242,0.0,375.0
3974,1343,242,0.0,375.0
3975,1343,242,0.0,375.0
3976,1343,242,0.0,375.0
3977,1343,722,0.0,185.0
3978,1343,833,0.0,555.0
3979,1343,862,1.0,1.0
3980,1343,862,1.0,1.0
3981,1343,862,1.0,1.0
3982,1343,1377,1.0,18.0
3983,1343,1377,1.0,18.0
3984,1343,1504,1.0,2.0
3985,1343,1504,1.0,2.0
3986,1343,1504,1.0,2.0
3987,1343,1504,1.0,2.0
3988,1343,1504,1.0,2.0
3989,1343,1984,0.0,3851.0
3990,1343,3287,1.0,17.0
3991,1343,3287,1.0,17.0
3992,1343,3287,1.0,17.0
3993,1343,3837,0.0,5648.0
3994,1343,3940,0.0,3895.0
3995,1343,6036,1.0,20.0
3996,1343,6045,0.0,125.0
3997,1345,726,1.0,1.0
3998,1346,726,1.0,1.0
3999,1346,2465,0.0,812.0
4000,1346,2481,0.0,728.0
4001,1348,6020,1.0,1.0
4002,1349,18,0.0,59.0
4003,1349,181,0.0,4890.0
4004,1349,528,0.0,1962.0
4005,1349,725,0.0,71.0
4006,1349,827,0.0,61.0
4007,1349,878,0.0,3571.0
4008,1349,1351,0.0,2533.0
4009,1349,1569,0.0,2925.0
4010,1349,1675,0.0,2620.0
4011,1349,1798,0.0,729.0
4012,1349,2021,0.0,52.0
4013,1349,2046,0.0,3578.0
4014,1349,2504,0.0,3534.0
4015,1349,2525,0.0,3461.0
4016,1349,2546,0.0,437.0
4017,1349,2697,0.0,4329.0
4018,1349,3199,0.0,1830.0
4019,1349,3238,0.0,5837.0
4020,1349,3766,0.0,474.0
4021,1349,3947,0.0,3043.0
4022,1349,4182,0.0,5021.0
4023,1349,4430,0.0,6556.0
4024,1349,4549,0.0,4533.0
4025,1349,4648,0.0,5449.0
4026,1349,4854,0.0,5982.0
4027,1349,6011,0.0,5220.0
4028,1349,6011,0.0,5220.0
4029,1349,6022,1.0,1.0
4030,1349,6110,0.0,1146.0
4031,1349,6131,0.0,919.0
4032,1349,6678,1.0,41.0
4033,1349,6679,1.0,3.0
4034,1349,6685,1.0,43.0
4035,1351,81,0.0,83.0
4036,1351,116,0.0,276.0
4037,1351,720,0.0,30.0
4038,1351,720,0.0,30.0
4039,1351,907,0.0,496.0
4040,1351,1167,0.0,1504.0
4041,1351,2192,0.0,4367.0
4042,1352,27,0.0,283.0
4043,1352,99,0.0,1793.0
4044,1352,659,1.0,1.0
4045,1352,659,1.0,1.0
4046,1352,659,1.0,1.0
4047,1352,659,1.0,1.0
4048,1352,1150,0.0,23.0
4049,1354,862,0.0,43.0
4050,1354,4373,1.0,2.0
4051,1356,726,1.0,1.0
4052,1356,2931,0.0,2141.0
4053,1356,3573,0.0,2081.0
4054,1356,6145,0.0,4649.0
